Date,FiscalYear,FiscalQuarter,Month,FullDate,MonthKey
2017-07-01,FY2018,FY2018 Q1,2017 Jul,"2017 Jul, 01",201707
2017-07-02,FY2018,FY2018 Q1,2017 Jul,"2017 Jul, 02",201707
2017-07-03,FY2018,FY2018 Q1,2017 Jul,"2017 Jul, 03",201707
2017-07-04,FY2018,FY2018 Q1,2017 Jul,"2017 Jul, 04",201707
2017-07-05,FY2018,FY2018 Q1,2017 Jul,"2017 Jul, 05",201707
2017-07-06,FY2018,FY2018 Q1,2017 Jul,"2017 Jul, 06",201707
2017-07-07,FY2018,FY2018 Q1,2017 Jul,"2017 Jul, 07",201707
2017-07-08,FY2018,FY2018 Q1,2017 Jul,"2017 Jul, 08",201707
2017-07-09,FY2018,FY2018 Q1,2017 Jul,"2017 Jul, 09",201707
2017-07-10,FY2018,FY2018 Q1,2017 Jul,"2017 Jul, 10",201707
2017-07-11,FY2018,FY2018 Q1,2017 Jul,"2017 Jul, 11",201707
2017-07-12,FY2018,FY2018 Q1,2017 Jul,"2017 Jul, 12",201707
2017-07-13,FY2018,FY2018 Q1,2017 Jul,"2017 Jul, 13",201707
2017-07-14,FY2018,FY2018 Q1,2017 Jul,"2017 Jul, 14",201707
2017-07-15,FY2018,FY2018 Q1,2017 Jul,"2017 Jul, 15",201707
2017-07-16,FY2018,FY2018 Q1,2017 Jul,"2017 Jul, 16",201707
2017-07-17,FY2018,FY2018 Q1,2017 Jul,"2017 Jul, 17",201707
2017-07-18,FY2018,FY2018 Q1,2017 Jul,"2017 Jul, 18",201707
2017-07-19,FY2018,FY2018 Q1,2017 Jul,"2017 Jul, 19",201707
2017-07-20,FY2018,FY2018 Q1,2017 Jul,"2017 Jul, 20",201707
2017-07-21,FY2018,FY2018 Q1,2017 Jul,"2017 Jul, 21",201707
2017-07-22,FY2018,FY2018 Q1,2017 Jul,"2017 Jul, 22",201707
2017-07-23,FY2018,FY2018 Q1,2017 Jul,"2017 Jul, 23",201707
2017-07-24,FY2018,FY2018 Q1,2017 Jul,"2017 Jul, 24",201707
2017-07-25,FY2018,FY2018 Q1,2017 Jul,"2017 Jul, 25",201707
2017-07-26,FY2018,FY2018 Q1,2017 Jul,"2017 Jul, 26",201707
2017-07-27,FY2018,FY2018 Q1,2017 Jul,"2017 Jul, 27",201707
2017-07-28,FY2018,FY2018 Q1,2017 Jul,"2017 Jul, 28",201707
2017-07-29,FY2018,FY2018 Q1,2017 Jul,"2017 Jul, 29",201707
2017-07-30,FY2018,FY2018 Q1,2017 Jul,"2017 Jul, 30",201707
2017-07-31,FY2018,FY2018 Q1,2017 Jul,"2017 Jul, 31",201707
2017-08-01,FY2018,FY2018 Q1,2017 Aug,"2017 Aug, 01",201708
2017-08-02,FY2018,FY2018 Q1,2017 Aug,"2017 Aug, 02",201708
2017-08-03,FY2018,FY2018 Q1,2017 Aug,"2017 Aug, 03",201708
2017-08-04,FY2018,FY2018 Q1,2017 Aug,"2017 Aug, 04",201708
2017-08-05,FY2018,FY2018 Q1,2017 Aug,"2017 Aug, 05",201708
2017-08-06,FY2018,FY2018 Q1,2017 Aug,"2017 Aug, 06",201708
2017-08-07,FY2018,FY2018 Q1,2017 Aug,"2017 Aug, 07",201708
2017-08-08,FY2018,FY2018 Q1,2017 Aug,"2017 Aug, 08",201708
2017-08-09,FY2018,FY2018 Q1,2017 Aug,"2017 Aug, 09",201708
2017-08-10,FY2018,FY2018 Q1,2017 Aug,"2017 Aug, 10",201708
2017-08-11,FY2018,FY2018 Q1,2017 Aug,"2017 Aug, 11",201708
2017-08-12,FY2018,FY2018 Q1,2017 Aug,"2017 Aug, 12",201708
2017-08-13,FY2018,FY2018 Q1,2017 Aug,"2017 Aug, 13",201708
2017-08-14,FY2018,FY2018 Q1,2017 Aug,"2017 Aug, 14",201708
2017-08-15,FY2018,FY2018 Q1,2017 Aug,"2017 Aug, 15",201708
2017-08-16,FY2018,FY2018 Q1,2017 Aug,"2017 Aug, 16",201708
2017-08-17,FY2018,FY2018 Q1,2017 Aug,"2017 Aug, 17",201708
2017-08-18,FY2018,FY2018 Q1,2017 Aug,"2017 Aug, 18",201708
2017-08-19,FY2018,FY2018 Q1,2017 Aug,"2017 Aug, 19",201708
2017-08-20,FY2018,FY2018 Q1,2017 Aug,"2017 Aug, 20",201708
2017-08-21,FY2018,FY2018 Q1,2017 Aug,"2017 Aug, 21",201708
2017-08-22,FY2018,FY2018 Q1,2017 Aug,"2017 Aug, 22",201708
2017-08-23,FY2018,FY2018 Q1,2017 Aug,"2017 Aug, 23",201708
2017-08-24,FY2018,FY2018 Q1,2017 Aug,"2017 Aug, 24",201708
2017-08-25,FY2018,FY2018 Q1,2017 Aug,"2017 Aug, 25",201708
2017-08-26,FY2018,FY2018 Q1,2017 Aug,"2017 Aug, 26",201708
2017-08-27,FY2018,FY2018 Q1,2017 Aug,"2017 Aug, 27",201708
2017-08-28,FY2018,FY2018 Q1,2017 Aug,"2017 Aug, 28",201708
2017-08-29,FY2018,FY2018 Q1,2017 Aug,"2017 Aug, 29",201708
2017-08-30,FY2018,FY2018 Q1,2017 Aug,"2017 Aug, 30",201708
2017-08-31,FY2018,FY2018 Q1,2017 Aug,"2017 Aug, 31",201708
2017-09-01,FY2018,FY2018 Q1,2017 Sep,"2017 Sep, 01",201709
2017-09-02,FY2018,FY2018 Q1,2017 Sep,"2017 Sep, 02",201709
2017-09-03,FY2018,FY2018 Q1,2017 Sep,"2017 Sep, 03",201709
2017-09-04,FY2018,FY2018 Q1,2017 Sep,"2017 Sep, 04",201709
2017-09-05,FY2018,FY2018 Q1,2017 Sep,"2017 Sep, 05",201709
2017-09-06,FY2018,FY2018 Q1,2017 Sep,"2017 Sep, 06",201709
2017-09-07,FY2018,FY2018 Q1,2017 Sep,"2017 Sep, 07",201709
2017-09-08,FY2018,FY2018 Q1,2017 Sep,"2017 Sep, 08",201709
2017-09-09,FY2018,FY2018 Q1,2017 Sep,"2017 Sep, 09",201709
2017-09-10,FY2018,FY2018 Q1,2017 Sep,"2017 Sep, 10",201709
2017-09-11,FY2018,FY2018 Q1,2017 Sep,"2017 Sep, 11",201709
2017-09-12,FY2018,FY2018 Q1,2017 Sep,"2017 Sep, 12",201709
2017-09-13,FY2018,FY2018 Q1,2017 Sep,"2017 Sep, 13",201709
2017-09-14,FY2018,FY2018 Q1,2017 Sep,"2017 Sep, 14",201709
2017-09-15,FY2018,FY2018 Q1,2017 Sep,"2017 Sep, 15",201709
2017-09-16,FY2018,FY2018 Q1,2017 Sep,"2017 Sep, 16",201709
2017-09-17,FY2018,FY2018 Q1,2017 Sep,"2017 Sep, 17",201709
2017-09-18,FY2018,FY2018 Q1,2017 Sep,"2017 Sep, 18",201709
2017-09-19,FY2018,FY2018 Q1,2017 Sep,"2017 Sep, 19",201709
2017-09-20,FY2018,FY2018 Q1,2017 Sep,"2017 Sep, 20",201709
2017-09-21,FY2018,FY2018 Q1,2017 Sep,"2017 Sep, 21",201709
2017-09-22,FY2018,FY2018 Q1,2017 Sep,"2017 Sep, 22",201709
2017-09-23,FY2018,FY2018 Q1,2017 Sep,"2017 Sep, 23",201709
2017-09-24,FY2018,FY2018 Q1,2017 Sep,"2017 Sep, 24",201709
2017-09-25,FY2018,FY2018 Q1,2017 Sep,"2017 Sep, 25",201709
2017-09-26,FY2018,FY2018 Q1,2017 Sep,"2017 Sep, 26",201709
2017-09-27,FY2018,FY2018 Q1,2017 Sep,"2017 Sep, 27",201709
2017-09-28,FY2018,FY2018 Q1,2017 Sep,"2017 Sep, 28",201709
2017-09-29,FY2018,FY2018 Q1,2017 Sep,"2017 Sep, 29",201709
2017-09-30,FY2018,FY2018 Q1,2017 Sep,"2017 Sep, 30",201709
2017-10-01,FY2018,FY2018 Q2,2017 Oct,"2017 Oct, 01",201710
2017-10-02,FY2018,FY2018 Q2,2017 Oct,"2017 Oct, 02",201710
2017-10-03,FY2018,FY2018 Q2,2017 Oct,"2017 Oct, 03",201710
2017-10-04,FY2018,FY2018 Q2,2017 Oct,"2017 Oct, 04",201710
2017-10-05,FY2018,FY2018 Q2,2017 Oct,"2017 Oct, 05",201710
2017-10-06,FY2018,FY2018 Q2,2017 Oct,"2017 Oct, 06",201710
2017-10-07,FY2018,FY2018 Q2,2017 Oct,"2017 Oct, 07",201710
2017-10-08,FY2018,FY2018 Q2,2017 Oct,"2017 Oct, 08",201710
2017-10-09,FY2018,FY2018 Q2,2017 Oct,"2017 Oct, 09",201710
2017-10-10,FY2018,FY2018 Q2,2017 Oct,"2017 Oct, 10",201710
2017-10-11,FY2018,FY2018 Q2,2017 Oct,"2017 Oct, 11",201710
2017-10-12,FY2018,FY2018 Q2,2017 Oct,"2017 Oct, 12",201710
2017-10-13,FY2018,FY2018 Q2,2017 Oct,"2017 Oct, 13",201710
2017-10-14,FY2018,FY2018 Q2,2017 Oct,"2017 Oct, 14",201710
2017-10-15,FY2018,FY2018 Q2,2017 Oct,"2017 Oct, 15",201710
2017-10-16,FY2018,FY2018 Q2,2017 Oct,"2017 Oct, 16",201710
2017-10-17,FY2018,FY2018 Q2,2017 Oct,"2017 Oct, 17",201710
2017-10-18,FY2018,FY2018 Q2,2017 Oct,"2017 Oct, 18",201710
2017-10-19,FY2018,FY2018 Q2,2017 Oct,"2017 Oct, 19",201710
2017-10-20,FY2018,FY2018 Q2,2017 Oct,"2017 Oct, 20",201710
2017-10-21,FY2018,FY2018 Q2,2017 Oct,"2017 Oct, 21",201710
2017-10-22,FY2018,FY2018 Q2,2017 Oct,"2017 Oct, 22",201710
2017-10-23,FY2018,FY2018 Q2,2017 Oct,"2017 Oct, 23",201710
2017-10-24,FY2018,FY2018 Q2,2017 Oct,"2017 Oct, 24",201710
2017-10-25,FY2018,FY2018 Q2,2017 Oct,"2017 Oct, 25",201710
2017-10-26,FY2018,FY2018 Q2,2017 Oct,"2017 Oct, 26",201710
2017-10-27,FY2018,FY2018 Q2,2017 Oct,"2017 Oct, 27",201710
2017-10-28,FY2018,FY2018 Q2,2017 Oct,"2017 Oct, 28",201710
2017-10-29,FY2018,FY2018 Q2,2017 Oct,"2017 Oct, 29",201710
2017-10-30,FY2018,FY2018 Q2,2017 Oct,"2017 Oct, 30",201710
2017-10-31,FY2018,FY2018 Q2,2017 Oct,"2017 Oct, 31",201710
2017-11-01,FY2018,FY2018 Q2,2017 Nov,"2017 Nov, 01",201711
2017-11-02,FY2018,FY2018 Q2,2017 Nov,"2017 Nov, 02",201711
2017-11-03,FY2018,FY2018 Q2,2017 Nov,"2017 Nov, 03",201711
2017-11-04,FY2018,FY2018 Q2,2017 Nov,"2017 Nov, 04",201711
2017-11-05,FY2018,FY2018 Q2,2017 Nov,"2017 Nov, 05",201711
2017-11-06,FY2018,FY2018 Q2,2017 Nov,"2017 Nov, 06",201711
2017-11-07,FY2018,FY2018 Q2,2017 Nov,"2017 Nov, 07",201711
2017-11-08,FY2018,FY2018 Q2,2017 Nov,"2017 Nov, 08",201711
2017-11-09,FY2018,FY2018 Q2,2017 Nov,"2017 Nov, 09",201711
2017-11-10,FY2018,FY2018 Q2,2017 Nov,"2017 Nov, 10",201711
2017-11-11,FY2018,FY2018 Q2,2017 Nov,"2017 Nov, 11",201711
2017-11-12,FY2018,FY2018 Q2,2017 Nov,"2017 Nov, 12",201711
2017-11-13,FY2018,FY2018 Q2,2017 Nov,"2017 Nov, 13",201711
2017-11-14,FY2018,FY2018 Q2,2017 Nov,"2017 Nov, 14",201711
2017-11-15,FY2018,FY2018 Q2,2017 Nov,"2017 Nov, 15",201711
2017-11-16,FY2018,FY2018 Q2,2017 Nov,"2017 Nov, 16",201711
2017-11-17,FY2018,FY2018 Q2,2017 Nov,"2017 Nov, 17",201711
2017-11-18,FY2018,FY2018 Q2,2017 Nov,"2017 Nov, 18",201711
2017-11-19,FY2018,FY2018 Q2,2017 Nov,"2017 Nov, 19",201711
2017-11-20,FY2018,FY2018 Q2,2017 Nov,"2017 Nov, 20",201711
2017-11-21,FY2018,FY2018 Q2,2017 Nov,"2017 Nov, 21",201711
2017-11-22,FY2018,FY2018 Q2,2017 Nov,"2017 Nov, 22",201711
2017-11-23,FY2018,FY2018 Q2,2017 Nov,"2017 Nov, 23",201711
2017-11-24,FY2018,FY2018 Q2,2017 Nov,"2017 Nov, 24",201711
2017-11-25,FY2018,FY2018 Q2,2017 Nov,"2017 Nov, 25",201711
2017-11-26,FY2018,FY2018 Q2,2017 Nov,"2017 Nov, 26",201711
2017-11-27,FY2018,FY2018 Q2,2017 Nov,"2017 Nov, 27",201711
2017-11-28,FY2018,FY2018 Q2,2017 Nov,"2017 Nov, 28",201711
2017-11-29,FY2018,FY2018 Q2,2017 Nov,"2017 Nov, 29",201711
2017-11-30,FY2018,FY2018 Q2,2017 Nov,"2017 Nov, 30",201711
2017-12-01,FY2018,FY2018 Q2,2017 Dec,"2017 Dec, 01",201712
2017-12-02,FY2018,FY2018 Q2,2017 Dec,"2017 Dec, 02",201712
2017-12-03,FY2018,FY2018 Q2,2017 Dec,"2017 Dec, 03",201712
2017-12-04,FY2018,FY2018 Q2,2017 Dec,"2017 Dec, 04",201712
2017-12-05,FY2018,FY2018 Q2,2017 Dec,"2017 Dec, 05",201712
2017-12-06,FY2018,FY2018 Q2,2017 Dec,"2017 Dec, 06",201712
2017-12-07,FY2018,FY2018 Q2,2017 Dec,"2017 Dec, 07",201712
2017-12-08,FY2018,FY2018 Q2,2017 Dec,"2017 Dec, 08",201712
2017-12-09,FY2018,FY2018 Q2,2017 Dec,"2017 Dec, 09",201712
2017-12-10,FY2018,FY2018 Q2,2017 Dec,"2017 Dec, 10",201712
2017-12-11,FY2018,FY2018 Q2,2017 Dec,"2017 Dec, 11",201712
2017-12-12,FY2018,FY2018 Q2,2017 Dec,"2017 Dec, 12",201712
2017-12-13,FY2018,FY2018 Q2,2017 Dec,"2017 Dec, 13",201712
2017-12-14,FY2018,FY2018 Q2,2017 Dec,"2017 Dec, 14",201712
2017-12-15,FY2018,FY2018 Q2,2017 Dec,"2017 Dec, 15",201712
2017-12-16,FY2018,FY2018 Q2,2017 Dec,"2017 Dec, 16",201712
2017-12-17,FY2018,FY2018 Q2,2017 Dec,"2017 Dec, 17",201712
2017-12-18,FY2018,FY2018 Q2,2017 Dec,"2017 Dec, 18",201712
2017-12-19,FY2018,FY2018 Q2,2017 Dec,"2017 Dec, 19",201712
2017-12-20,FY2018,FY2018 Q2,2017 Dec,"2017 Dec, 20",201712
2017-12-21,FY2018,FY2018 Q2,2017 Dec,"2017 Dec, 21",201712
2017-12-22,FY2018,FY2018 Q2,2017 Dec,"2017 Dec, 22",201712
2017-12-23,FY2018,FY2018 Q2,2017 Dec,"2017 Dec, 23",201712
2017-12-24,FY2018,FY2018 Q2,2017 Dec,"2017 Dec, 24",201712
2017-12-25,FY2018,FY2018 Q2,2017 Dec,"2017 Dec, 25",201712
2017-12-26,FY2018,FY2018 Q2,2017 Dec,"2017 Dec, 26",201712
2017-12-27,FY2018,FY2018 Q2,2017 Dec,"2017 Dec, 27",201712
2017-12-28,FY2018,FY2018 Q2,2017 Dec,"2017 Dec, 28",201712
2017-12-29,FY2018,FY2018 Q2,2017 Dec,"2017 Dec, 29",201712
2017-12-30,FY2018,FY2018 Q2,2017 Dec,"2017 Dec, 30",201712
2017-12-31,FY2018,FY2018 Q2,2017 Dec,"2017 Dec, 31",201712
2018-01-01,FY2018,FY2018 Q3,2018 Jan,"2018 Jan, 01",201801
2018-01-02,FY2018,FY2018 Q3,2018 Jan,"2018 Jan, 02",201801
2018-01-03,FY2018,FY2018 Q3,2018 Jan,"2018 Jan, 03",201801
2018-01-04,FY2018,FY2018 Q3,2018 Jan,"2018 Jan, 04",201801
2018-01-05,FY2018,FY2018 Q3,2018 Jan,"2018 Jan, 05",201801
2018-01-06,FY2018,FY2018 Q3,2018 Jan,"2018 Jan, 06",201801
2018-01-07,FY2018,FY2018 Q3,2018 Jan,"2018 Jan, 07",201801
2018-01-08,FY2018,FY2018 Q3,2018 Jan,"2018 Jan, 08",201801
2018-01-09,FY2018,FY2018 Q3,2018 Jan,"2018 Jan, 09",201801
2018-01-10,FY2018,FY2018 Q3,2018 Jan,"2018 Jan, 10",201801
2018-01-11,FY2018,FY2018 Q3,2018 Jan,"2018 Jan, 11",201801
2018-01-12,FY2018,FY2018 Q3,2018 Jan,"2018 Jan, 12",201801
2018-01-13,FY2018,FY2018 Q3,2018 Jan,"2018 Jan, 13",201801
2018-01-14,FY2018,FY2018 Q3,2018 Jan,"2018 Jan, 14",201801
2018-01-15,FY2018,FY2018 Q3,2018 Jan,"2018 Jan, 15",201801
2018-01-16,FY2018,FY2018 Q3,2018 Jan,"2018 Jan, 16",201801
2018-01-17,FY2018,FY2018 Q3,2018 Jan,"2018 Jan, 17",201801
2018-01-18,FY2018,FY2018 Q3,2018 Jan,"2018 Jan, 18",201801
2018-01-19,FY2018,FY2018 Q3,2018 Jan,"2018 Jan, 19",201801
2018-01-20,FY2018,FY2018 Q3,2018 Jan,"2018 Jan, 20",201801
2018-01-21,FY2018,FY2018 Q3,2018 Jan,"2018 Jan, 21",201801
2018-01-22,FY2018,FY2018 Q3,2018 Jan,"2018 Jan, 22",201801
2018-01-23,FY2018,FY2018 Q3,2018 Jan,"2018 Jan, 23",201801
2018-01-24,FY2018,FY2018 Q3,2018 Jan,"2018 Jan, 24",201801
2018-01-25,FY2018,FY2018 Q3,2018 Jan,"2018 Jan, 25",201801
2018-01-26,FY2018,FY2018 Q3,2018 Jan,"2018 Jan, 26",201801
2018-01-27,FY2018,FY2018 Q3,2018 Jan,"2018 Jan, 27",201801
2018-01-28,FY2018,FY2018 Q3,2018 Jan,"2018 Jan, 28",201801
2018-01-29,FY2018,FY2018 Q3,2018 Jan,"2018 Jan, 29",201801
2018-01-30,FY2018,FY2018 Q3,2018 Jan,"2018 Jan, 30",201801
2018-01-31,FY2018,FY2018 Q3,2018 Jan,"2018 Jan, 31",201801
2018-02-01,FY2018,FY2018 Q3,2018 Feb,"2018 Feb, 01",201802
2018-02-02,FY2018,FY2018 Q3,2018 Feb,"2018 Feb, 02",201802
2018-02-03,FY2018,FY2018 Q3,2018 Feb,"2018 Feb, 03",201802
2018-02-04,FY2018,FY2018 Q3,2018 Feb,"2018 Feb, 04",201802
2018-02-05,FY2018,FY2018 Q3,2018 Feb,"2018 Feb, 05",201802
2018-02-06,FY2018,FY2018 Q3,2018 Feb,"2018 Feb, 06",201802
2018-02-07,FY2018,FY2018 Q3,2018 Feb,"2018 Feb, 07",201802
2018-02-08,FY2018,FY2018 Q3,2018 Feb,"2018 Feb, 08",201802
2018-02-09,FY2018,FY2018 Q3,2018 Feb,"2018 Feb, 09",201802
2018-02-10,FY2018,FY2018 Q3,2018 Feb,"2018 Feb, 10",201802
2018-02-11,FY2018,FY2018 Q3,2018 Feb,"2018 Feb, 11",201802
2018-02-12,FY2018,FY2018 Q3,2018 Feb,"2018 Feb, 12",201802
2018-02-13,FY2018,FY2018 Q3,2018 Feb,"2018 Feb, 13",201802
2018-02-14,FY2018,FY2018 Q3,2018 Feb,"2018 Feb, 14",201802
2018-02-15,FY2018,FY2018 Q3,2018 Feb,"2018 Feb, 15",201802
2018-02-16,FY2018,FY2018 Q3,2018 Feb,"2018 Feb, 16",201802
2018-02-17,FY2018,FY2018 Q3,2018 Feb,"2018 Feb, 17",201802
2018-02-18,FY2018,FY2018 Q3,2018 Feb,"2018 Feb, 18",201802
2018-02-19,FY2018,FY2018 Q3,2018 Feb,"2018 Feb, 19",201802
2018-02-20,FY2018,FY2018 Q3,2018 Feb,"2018 Feb, 20",201802
2018-02-21,FY2018,FY2018 Q3,2018 Feb,"2018 Feb, 21",201802
2018-02-22,FY2018,FY2018 Q3,2018 Feb,"2018 Feb, 22",201802
2018-02-23,FY2018,FY2018 Q3,2018 Feb,"2018 Feb, 23",201802
2018-02-24,FY2018,FY2018 Q3,2018 Feb,"2018 Feb, 24",201802
2018-02-25,FY2018,FY2018 Q3,2018 Feb,"2018 Feb, 25",201802
2018-02-26,FY2018,FY2018 Q3,2018 Feb,"2018 Feb, 26",201802
2018-02-27,FY2018,FY2018 Q3,2018 Feb,"2018 Feb, 27",201802
2018-02-28,FY2018,FY2018 Q3,2018 Feb,"2018 Feb, 28",201802
2018-03-01,FY2018,FY2018 Q3,2018 Mar,"2018 Mar, 01",201803
2018-03-02,FY2018,FY2018 Q3,2018 Mar,"2018 Mar, 02",201803
2018-03-03,FY2018,FY2018 Q3,2018 Mar,"2018 Mar, 03",201803
2018-03-04,FY2018,FY2018 Q3,2018 Mar,"2018 Mar, 04",201803
2018-03-05,FY2018,FY2018 Q3,2018 Mar,"2018 Mar, 05",201803
2018-03-06,FY2018,FY2018 Q3,2018 Mar,"2018 Mar, 06",201803
2018-03-07,FY2018,FY2018 Q3,2018 Mar,"2018 Mar, 07",201803
2018-03-08,FY2018,FY2018 Q3,2018 Mar,"2018 Mar, 08",201803
2018-03-09,FY2018,FY2018 Q3,2018 Mar,"2018 Mar, 09",201803
2018-03-10,FY2018,FY2018 Q3,2018 Mar,"2018 Mar, 10",201803
2018-03-11,FY2018,FY2018 Q3,2018 Mar,"2018 Mar, 11",201803
2018-03-12,FY2018,FY2018 Q3,2018 Mar,"2018 Mar, 12",201803
2018-03-13,FY2018,FY2018 Q3,2018 Mar,"2018 Mar, 13",201803
2018-03-14,FY2018,FY2018 Q3,2018 Mar,"2018 Mar, 14",201803
2018-03-15,FY2018,FY2018 Q3,2018 Mar,"2018 Mar, 15",201803
2018-03-16,FY2018,FY2018 Q3,2018 Mar,"2018 Mar, 16",201803
2018-03-17,FY2018,FY2018 Q3,2018 Mar,"2018 Mar, 17",201803
2018-03-18,FY2018,FY2018 Q3,2018 Mar,"2018 Mar, 18",201803
2018-03-19,FY2018,FY2018 Q3,2018 Mar,"2018 Mar, 19",201803
2018-03-20,FY2018,FY2018 Q3,2018 Mar,"2018 Mar, 20",201803
2018-03-21,FY2018,FY2018 Q3,2018 Mar,"2018 Mar, 21",201803
2018-03-22,FY2018,FY2018 Q3,2018 Mar,"2018 Mar, 22",201803
2018-03-23,FY2018,FY2018 Q3,2018 Mar,"2018 Mar, 23",201803
2018-03-24,FY2018,FY2018 Q3,2018 Mar,"2018 Mar, 24",201803
2018-03-25,FY2018,FY2018 Q3,2018 Mar,"2018 Mar, 25",201803
2018-03-26,FY2018,FY2018 Q3,2018 Mar,"2018 Mar, 26",201803
2018-03-27,FY2018,FY2018 Q3,2018 Mar,"2018 Mar, 27",201803
2018-03-28,FY2018,FY2018 Q3,2018 Mar,"2018 Mar, 28",201803
2018-03-29,FY2018,FY2018 Q3,2018 Mar,"2018 Mar, 29",201803
2018-03-30,FY2018,FY2018 Q3,2018 Mar,"2018 Mar, 30",201803
2018-03-31,FY2018,FY2018 Q3,2018 Mar,"2018 Mar, 31",201803
2018-04-01,FY2018,FY2018 Q4,2018 Apr,"2018 Apr, 01",201804
2018-04-02,FY2018,FY2018 Q4,2018 Apr,"2018 Apr, 02",201804
2018-04-03,FY2018,FY2018 Q4,2018 Apr,"2018 Apr, 03",201804
2018-04-04,FY2018,FY2018 Q4,2018 Apr,"2018 Apr, 04",201804
2018-04-05,FY2018,FY2018 Q4,2018 Apr,"2018 Apr, 05",201804
2018-04-06,FY2018,FY2018 Q4,2018 Apr,"2018 Apr, 06",201804
2018-04-07,FY2018,FY2018 Q4,2018 Apr,"2018 Apr, 07",201804
2018-04-08,FY2018,FY2018 Q4,2018 Apr,"2018 Apr, 08",201804
2018-04-09,FY2018,FY2018 Q4,2018 Apr,"2018 Apr, 09",201804
2018-04-10,FY2018,FY2018 Q4,2018 Apr,"2018 Apr, 10",201804
2018-04-11,FY2018,FY2018 Q4,2018 Apr,"2018 Apr, 11",201804
2018-04-12,FY2018,FY2018 Q4,2018 Apr,"2018 Apr, 12",201804
2018-04-13,FY2018,FY2018 Q4,2018 Apr,"2018 Apr, 13",201804
2018-04-14,FY2018,FY2018 Q4,2018 Apr,"2018 Apr, 14",201804
2018-04-15,FY2018,FY2018 Q4,2018 Apr,"2018 Apr, 15",201804
2018-04-16,FY2018,FY2018 Q4,2018 Apr,"2018 Apr, 16",201804
2018-04-17,FY2018,FY2018 Q4,2018 Apr,"2018 Apr, 17",201804
2018-04-18,FY2018,FY2018 Q4,2018 Apr,"2018 Apr, 18",201804
2018-04-19,FY2018,FY2018 Q4,2018 Apr,"2018 Apr, 19",201804
2018-04-20,FY2018,FY2018 Q4,2018 Apr,"2018 Apr, 20",201804
2018-04-21,FY2018,FY2018 Q4,2018 Apr,"2018 Apr, 21",201804
2018-04-22,FY2018,FY2018 Q4,2018 Apr,"2018 Apr, 22",201804
2018-04-23,FY2018,FY2018 Q4,2018 Apr,"2018 Apr, 23",201804
2018-04-24,FY2018,FY2018 Q4,2018 Apr,"2018 Apr, 24",201804
2018-04-25,FY2018,FY2018 Q4,2018 Apr,"2018 Apr, 25",201804
2018-04-26,FY2018,FY2018 Q4,2018 Apr,"2018 Apr, 26",201804
2018-04-27,FY2018,FY2018 Q4,2018 Apr,"2018 Apr, 27",201804
2018-04-28,FY2018,FY2018 Q4,2018 Apr,"2018 Apr, 28",201804
2018-04-29,FY2018,FY2018 Q4,2018 Apr,"2018 Apr, 29",201804
2018-04-30,FY2018,FY2018 Q4,2018 Apr,"2018 Apr, 30",201804
2018-05-01,FY2018,FY2018 Q4,2018 May,"2018 May, 01",201805
2018-05-02,FY2018,FY2018 Q4,2018 May,"2018 May, 02",201805
2018-05-03,FY2018,FY2018 Q4,2018 May,"2018 May, 03",201805
2018-05-04,FY2018,FY2018 Q4,2018 May,"2018 May, 04",201805
2018-05-05,FY2018,FY2018 Q4,2018 May,"2018 May, 05",201805
2018-05-06,FY2018,FY2018 Q4,2018 May,"2018 May, 06",201805
2018-05-07,FY2018,FY2018 Q4,2018 May,"2018 May, 07",201805
2018-05-08,FY2018,FY2018 Q4,2018 May,"2018 May, 08",201805
2018-05-09,FY2018,FY2018 Q4,2018 May,"2018 May, 09",201805
2018-05-10,FY2018,FY2018 Q4,2018 May,"2018 May, 10",201805
2018-05-11,FY2018,FY2018 Q4,2018 May,"2018 May, 11",201805
2018-05-12,FY2018,FY2018 Q4,2018 May,"2018 May, 12",201805
2018-05-13,FY2018,FY2018 Q4,2018 May,"2018 May, 13",201805
2018-05-14,FY2018,FY2018 Q4,2018 May,"2018 May, 14",201805
2018-05-15,FY2018,FY2018 Q4,2018 May,"2018 May, 15",201805
2018-05-16,FY2018,FY2018 Q4,2018 May,"2018 May, 16",201805
2018-05-17,FY2018,FY2018 Q4,2018 May,"2018 May, 17",201805
2018-05-18,FY2018,FY2018 Q4,2018 May,"2018 May, 18",201805
2018-05-19,FY2018,FY2018 Q4,2018 May,"2018 May, 19",201805
2018-05-20,FY2018,FY2018 Q4,2018 May,"2018 May, 20",201805
2018-05-21,FY2018,FY2018 Q4,2018 May,"2018 May, 21",201805
2018-05-22,FY2018,FY2018 Q4,2018 May,"2018 May, 22",201805
2018-05-23,FY2018,FY2018 Q4,2018 May,"2018 May, 23",201805
2018-05-24,FY2018,FY2018 Q4,2018 May,"2018 May, 24",201805
2018-05-25,FY2018,FY2018 Q4,2018 May,"2018 May, 25",201805
2018-05-26,FY2018,FY2018 Q4,2018 May,"2018 May, 26",201805
2018-05-27,FY2018,FY2018 Q4,2018 May,"2018 May, 27",201805
2018-05-28,FY2018,FY2018 Q4,2018 May,"2018 May, 28",201805
2018-05-29,FY2018,FY2018 Q4,2018 May,"2018 May, 29",201805
2018-05-30,FY2018,FY2018 Q4,2018 May,"2018 May, 30",201805
2018-05-31,FY2018,FY2018 Q4,2018 May,"2018 May, 31",201805
2018-06-01,FY2018,FY2018 Q4,2018 Jun,"2018 Jun, 01",201806
2018-06-02,FY2018,FY2018 Q4,2018 Jun,"2018 Jun, 02",201806
2018-06-03,FY2018,FY2018 Q4,2018 Jun,"2018 Jun, 03",201806
2018-06-04,FY2018,FY2018 Q4,2018 Jun,"2018 Jun, 04",201806
2018-06-05,FY2018,FY2018 Q4,2018 Jun,"2018 Jun, 05",201806
2018-06-06,FY2018,FY2018 Q4,2018 Jun,"2018 Jun, 06",201806
2018-06-07,FY2018,FY2018 Q4,2018 Jun,"2018 Jun, 07",201806
2018-06-08,FY2018,FY2018 Q4,2018 Jun,"2018 Jun, 08",201806
2018-06-09,FY2018,FY2018 Q4,2018 Jun,"2018 Jun, 09",201806
2018-06-10,FY2018,FY2018 Q4,2018 Jun,"2018 Jun, 10",201806
2018-06-11,FY2018,FY2018 Q4,2018 Jun,"2018 Jun, 11",201806
2018-06-12,FY2018,FY2018 Q4,2018 Jun,"2018 Jun, 12",201806
2018-06-13,FY2018,FY2018 Q4,2018 Jun,"2018 Jun, 13",201806
2018-06-14,FY2018,FY2018 Q4,2018 Jun,"2018 Jun, 14",201806
2018-06-15,FY2018,FY2018 Q4,2018 Jun,"2018 Jun, 15",201806
2018-06-16,FY2018,FY2018 Q4,2018 Jun,"2018 Jun, 16",201806
2018-06-17,FY2018,FY2018 Q4,2018 Jun,"2018 Jun, 17",201806
2018-06-18,FY2018,FY2018 Q4,2018 Jun,"2018 Jun, 18",201806
2018-06-19,FY2018,FY2018 Q4,2018 Jun,"2018 Jun, 19",201806
2018-06-20,FY2018,FY2018 Q4,2018 Jun,"2018 Jun, 20",201806
2018-06-21,FY2018,FY2018 Q4,2018 Jun,"2018 Jun, 21",201806
2018-06-22,FY2018,FY2018 Q4,2018 Jun,"2018 Jun, 22",201806
2018-06-23,FY2018,FY2018 Q4,2018 Jun,"2018 Jun, 23",201806
2018-06-24,FY2018,FY2018 Q4,2018 Jun,"2018 Jun, 24",201806
2018-06-25,FY2018,FY2018 Q4,2018 Jun,"2018 Jun, 25",201806
2018-06-26,FY2018,FY2018 Q4,2018 Jun,"2018 Jun, 26",201806
2018-06-27,FY2018,FY2018 Q4,2018 Jun,"2018 Jun, 27",201806
2018-06-28,FY2018,FY2018 Q4,2018 Jun,"2018 Jun, 28",201806
2018-06-29,FY2018,FY2018 Q4,2018 Jun,"2018 Jun, 29",201806
2018-06-30,FY2018,FY2018 Q4,2018 Jun,"2018 Jun, 30",201806
2018-07-01,FY2019,FY2019 Q1,2018 Jul,"2018 Jul, 01",201807
2018-07-02,FY2019,FY2019 Q1,2018 Jul,"2018 Jul, 02",201807
2018-07-03,FY2019,FY2019 Q1,2018 Jul,"2018 Jul, 03",201807
2018-07-04,FY2019,FY2019 Q1,2018 Jul,"2018 Jul, 04",201807
2018-07-05,FY2019,FY2019 Q1,2018 Jul,"2018 Jul, 05",201807
2018-07-06,FY2019,FY2019 Q1,2018 Jul,"2018 Jul, 06",201807
2018-07-07,FY2019,FY2019 Q1,2018 Jul,"2018 Jul, 07",201807
2018-07-08,FY2019,FY2019 Q1,2018 Jul,"2018 Jul, 08",201807
2018-07-09,FY2019,FY2019 Q1,2018 Jul,"2018 Jul, 09",201807
2018-07-10,FY2019,FY2019 Q1,2018 Jul,"2018 Jul, 10",201807
2018-07-11,FY2019,FY2019 Q1,2018 Jul,"2018 Jul, 11",201807
2018-07-12,FY2019,FY2019 Q1,2018 Jul,"2018 Jul, 12",201807
2018-07-13,FY2019,FY2019 Q1,2018 Jul,"2018 Jul, 13",201807
2018-07-14,FY2019,FY2019 Q1,2018 Jul,"2018 Jul, 14",201807
2018-07-15,FY2019,FY2019 Q1,2018 Jul,"2018 Jul, 15",201807
2018-07-16,FY2019,FY2019 Q1,2018 Jul,"2018 Jul, 16",201807
2018-07-17,FY2019,FY2019 Q1,2018 Jul,"2018 Jul, 17",201807
2018-07-18,FY2019,FY2019 Q1,2018 Jul,"2018 Jul, 18",201807
2018-07-19,FY2019,FY2019 Q1,2018 Jul,"2018 Jul, 19",201807
2018-07-20,FY2019,FY2019 Q1,2018 Jul,"2018 Jul, 20",201807
2018-07-21,FY2019,FY2019 Q1,2018 Jul,"2018 Jul, 21",201807
2018-07-22,FY2019,FY2019 Q1,2018 Jul,"2018 Jul, 22",201807
2018-07-23,FY2019,FY2019 Q1,2018 Jul,"2018 Jul, 23",201807
2018-07-24,FY2019,FY2019 Q1,2018 Jul,"2018 Jul, 24",201807
2018-07-25,FY2019,FY2019 Q1,2018 Jul,"2018 Jul, 25",201807
2018-07-26,FY2019,FY2019 Q1,2018 Jul,"2018 Jul, 26",201807
2018-07-27,FY2019,FY2019 Q1,2018 Jul,"2018 Jul, 27",201807
2018-07-28,FY2019,FY2019 Q1,2018 Jul,"2018 Jul, 28",201807
2018-07-29,FY2019,FY2019 Q1,2018 Jul,"2018 Jul, 29",201807
2018-07-30,FY2019,FY2019 Q1,2018 Jul,"2018 Jul, 30",201807
2018-07-31,FY2019,FY2019 Q1,2018 Jul,"2018 Jul, 31",201807
2018-08-01,FY2019,FY2019 Q1,2018 Aug,"2018 Aug, 01",201808
2018-08-02,FY2019,FY2019 Q1,2018 Aug,"2018 Aug, 02",201808
2018-08-03,FY2019,FY2019 Q1,2018 Aug,"2018 Aug, 03",201808
2018-08-04,FY2019,FY2019 Q1,2018 Aug,"2018 Aug, 04",201808
2018-08-05,FY2019,FY2019 Q1,2018 Aug,"2018 Aug, 05",201808
2018-08-06,FY2019,FY2019 Q1,2018 Aug,"2018 Aug, 06",201808
2018-08-07,FY2019,FY2019 Q1,2018 Aug,"2018 Aug, 07",201808
2018-08-08,FY2019,FY2019 Q1,2018 Aug,"2018 Aug, 08",201808
2018-08-09,FY2019,FY2019 Q1,2018 Aug,"2018 Aug, 09",201808
2018-08-10,FY2019,FY2019 Q1,2018 Aug,"2018 Aug, 10",201808
2018-08-11,FY2019,FY2019 Q1,2018 Aug,"2018 Aug, 11",201808
2018-08-12,FY2019,FY2019 Q1,2018 Aug,"2018 Aug, 12",201808
2018-08-13,FY2019,FY2019 Q1,2018 Aug,"2018 Aug, 13",201808
2018-08-14,FY2019,FY2019 Q1,2018 Aug,"2018 Aug, 14",201808
2018-08-15,FY2019,FY2019 Q1,2018 Aug,"2018 Aug, 15",201808
2018-08-16,FY2019,FY2019 Q1,2018 Aug,"2018 Aug, 16",201808
2018-08-17,FY2019,FY2019 Q1,2018 Aug,"2018 Aug, 17",201808
2018-08-18,FY2019,FY2019 Q1,2018 Aug,"2018 Aug, 18",201808
2018-08-19,FY2019,FY2019 Q1,2018 Aug,"2018 Aug, 19",201808
2018-08-20,FY2019,FY2019 Q1,2018 Aug,"2018 Aug, 20",201808
2018-08-21,FY2019,FY2019 Q1,2018 Aug,"2018 Aug, 21",201808
2018-08-22,FY2019,FY2019 Q1,2018 Aug,"2018 Aug, 22",201808
2018-08-23,FY2019,FY2019 Q1,2018 Aug,"2018 Aug, 23",201808
2018-08-24,FY2019,FY2019 Q1,2018 Aug,"2018 Aug, 24",201808
2018-08-25,FY2019,FY2019 Q1,2018 Aug,"2018 Aug, 25",201808
2018-08-26,FY2019,FY2019 Q1,2018 Aug,"2018 Aug, 26",201808
2018-08-27,FY2019,FY2019 Q1,2018 Aug,"2018 Aug, 27",201808
2018-08-28,FY2019,FY2019 Q1,2018 Aug,"2018 Aug, 28",201808
2018-08-29,FY2019,FY2019 Q1,2018 Aug,"2018 Aug, 29",201808
2018-08-30,FY2019,FY2019 Q1,2018 Aug,"2018 Aug, 30",201808
2018-08-31,FY2019,FY2019 Q1,2018 Aug,"2018 Aug, 31",201808
2018-09-01,FY2019,FY2019 Q1,2018 Sep,"2018 Sep, 01",201809
2018-09-02,FY2019,FY2019 Q1,2018 Sep,"2018 Sep, 02",201809
2018-09-03,FY2019,FY2019 Q1,2018 Sep,"2018 Sep, 03",201809
2018-09-04,FY2019,FY2019 Q1,2018 Sep,"2018 Sep, 04",201809
2018-09-05,FY2019,FY2019 Q1,2018 Sep,"2018 Sep, 05",201809
2018-09-06,FY2019,FY2019 Q1,2018 Sep,"2018 Sep, 06",201809
2018-09-07,FY2019,FY2019 Q1,2018 Sep,"2018 Sep, 07",201809
2018-09-08,FY2019,FY2019 Q1,2018 Sep,"2018 Sep, 08",201809
2018-09-09,FY2019,FY2019 Q1,2018 Sep,"2018 Sep, 09",201809
2018-09-10,FY2019,FY2019 Q1,2018 Sep,"2018 Sep, 10",201809
2018-09-11,FY2019,FY2019 Q1,2018 Sep,"2018 Sep, 11",201809
2018-09-12,FY2019,FY2019 Q1,2018 Sep,"2018 Sep, 12",201809
2018-09-13,FY2019,FY2019 Q1,2018 Sep,"2018 Sep, 13",201809
2018-09-14,FY2019,FY2019 Q1,2018 Sep,"2018 Sep, 14",201809
2018-09-15,FY2019,FY2019 Q1,2018 Sep,"2018 Sep, 15",201809
2018-09-16,FY2019,FY2019 Q1,2018 Sep,"2018 Sep, 16",201809
2018-09-17,FY2019,FY2019 Q1,2018 Sep,"2018 Sep, 17",201809
2018-09-18,FY2019,FY2019 Q1,2018 Sep,"2018 Sep, 18",201809
2018-09-19,FY2019,FY2019 Q1,2018 Sep,"2018 Sep, 19",201809
2018-09-20,FY2019,FY2019 Q1,2018 Sep,"2018 Sep, 20",201809
2018-09-21,FY2019,FY2019 Q1,2018 Sep,"2018 Sep, 21",201809
2018-09-22,FY2019,FY2019 Q1,2018 Sep,"2018 Sep, 22",201809
2018-09-23,FY2019,FY2019 Q1,2018 Sep,"2018 Sep, 23",201809
2018-09-24,FY2019,FY2019 Q1,2018 Sep,"2018 Sep, 24",201809
2018-09-25,FY2019,FY2019 Q1,2018 Sep,"2018 Sep, 25",201809
2018-09-26,FY2019,FY2019 Q1,2018 Sep,"2018 Sep, 26",201809
2018-09-27,FY2019,FY2019 Q1,2018 Sep,"2018 Sep, 27",201809
2018-09-28,FY2019,FY2019 Q1,2018 Sep,"2018 Sep, 28",201809
2018-09-29,FY2019,FY2019 Q1,2018 Sep,"2018 Sep, 29",201809
2018-09-30,FY2019,FY2019 Q1,2018 Sep,"2018 Sep, 30",201809
2018-10-01,FY2019,FY2019 Q2,2018 Oct,"2018 Oct, 01",201810
2018-10-02,FY2019,FY2019 Q2,2018 Oct,"2018 Oct, 02",201810
2018-10-03,FY2019,FY2019 Q2,2018 Oct,"2018 Oct, 03",201810
2018-10-04,FY2019,FY2019 Q2,2018 Oct,"2018 Oct, 04",201810
2018-10-05,FY2019,FY2019 Q2,2018 Oct,"2018 Oct, 05",201810
2018-10-06,FY2019,FY2019 Q2,2018 Oct,"2018 Oct, 06",201810
2018-10-07,FY2019,FY2019 Q2,2018 Oct,"2018 Oct, 07",201810
2018-10-08,FY2019,FY2019 Q2,2018 Oct,"2018 Oct, 08",201810
2018-10-09,FY2019,FY2019 Q2,2018 Oct,"2018 Oct, 09",201810
2018-10-10,FY2019,FY2019 Q2,2018 Oct,"2018 Oct, 10",201810
2018-10-11,FY2019,FY2019 Q2,2018 Oct,"2018 Oct, 11",201810
2018-10-12,FY2019,FY2019 Q2,2018 Oct,"2018 Oct, 12",201810
2018-10-13,FY2019,FY2019 Q2,2018 Oct,"2018 Oct, 13",201810
2018-10-14,FY2019,FY2019 Q2,2018 Oct,"2018 Oct, 14",201810
2018-10-15,FY2019,FY2019 Q2,2018 Oct,"2018 Oct, 15",201810
2018-10-16,FY2019,FY2019 Q2,2018 Oct,"2018 Oct, 16",201810
2018-10-17,FY2019,FY2019 Q2,2018 Oct,"2018 Oct, 17",201810
2018-10-18,FY2019,FY2019 Q2,2018 Oct,"2018 Oct, 18",201810
2018-10-19,FY2019,FY2019 Q2,2018 Oct,"2018 Oct, 19",201810
2018-10-20,FY2019,FY2019 Q2,2018 Oct,"2018 Oct, 20",201810
2018-10-21,FY2019,FY2019 Q2,2018 Oct,"2018 Oct, 21",201810
2018-10-22,FY2019,FY2019 Q2,2018 Oct,"2018 Oct, 22",201810
2018-10-23,FY2019,FY2019 Q2,2018 Oct,"2018 Oct, 23",201810
2018-10-24,FY2019,FY2019 Q2,2018 Oct,"2018 Oct, 24",201810
2018-10-25,FY2019,FY2019 Q2,2018 Oct,"2018 Oct, 25",201810
2018-10-26,FY2019,FY2019 Q2,2018 Oct,"2018 Oct, 26",201810
2018-10-27,FY2019,FY2019 Q2,2018 Oct,"2018 Oct, 27",201810
2018-10-28,FY2019,FY2019 Q2,2018 Oct,"2018 Oct, 28",201810
2018-10-29,FY2019,FY2019 Q2,2018 Oct,"2018 Oct, 29",201810
2018-10-30,FY2019,FY2019 Q2,2018 Oct,"2018 Oct, 30",201810
2018-10-31,FY2019,FY2019 Q2,2018 Oct,"2018 Oct, 31",201810
2018-11-01,FY2019,FY2019 Q2,2018 Nov,"2018 Nov, 01",201811
2018-11-02,FY2019,FY2019 Q2,2018 Nov,"2018 Nov, 02",201811
2018-11-03,FY2019,FY2019 Q2,2018 Nov,"2018 Nov, 03",201811
2018-11-04,FY2019,FY2019 Q2,2018 Nov,"2018 Nov, 04",201811
2018-11-05,FY2019,FY2019 Q2,2018 Nov,"2018 Nov, 05",201811
2018-11-06,FY2019,FY2019 Q2,2018 Nov,"2018 Nov, 06",201811
2018-11-07,FY2019,FY2019 Q2,2018 Nov,"2018 Nov, 07",201811
2018-11-08,FY2019,FY2019 Q2,2018 Nov,"2018 Nov, 08",201811
2018-11-09,FY2019,FY2019 Q2,2018 Nov,"2018 Nov, 09",201811
2018-11-10,FY2019,FY2019 Q2,2018 Nov,"2018 Nov, 10",201811
2018-11-11,FY2019,FY2019 Q2,2018 Nov,"2018 Nov, 11",201811
2018-11-12,FY2019,FY2019 Q2,2018 Nov,"2018 Nov, 12",201811
2018-11-13,FY2019,FY2019 Q2,2018 Nov,"2018 Nov, 13",201811
2018-11-14,FY2019,FY2019 Q2,2018 Nov,"2018 Nov, 14",201811
2018-11-15,FY2019,FY2019 Q2,2018 Nov,"2018 Nov, 15",201811
2018-11-16,FY2019,FY2019 Q2,2018 Nov,"2018 Nov, 16",201811
2018-11-17,FY2019,FY2019 Q2,2018 Nov,"2018 Nov, 17",201811
2018-11-18,FY2019,FY2019 Q2,2018 Nov,"2018 Nov, 18",201811
2018-11-19,FY2019,FY2019 Q2,2018 Nov,"2018 Nov, 19",201811
2018-11-20,FY2019,FY2019 Q2,2018 Nov,"2018 Nov, 20",201811
2018-11-21,FY2019,FY2019 Q2,2018 Nov,"2018 Nov, 21",201811
2018-11-22,FY2019,FY2019 Q2,2018 Nov,"2018 Nov, 22",201811
2018-11-23,FY2019,FY2019 Q2,2018 Nov,"2018 Nov, 23",201811
2018-11-24,FY2019,FY2019 Q2,2018 Nov,"2018 Nov, 24",201811
2018-11-25,FY2019,FY2019 Q2,2018 Nov,"2018 Nov, 25",201811
2018-11-26,FY2019,FY2019 Q2,2018 Nov,"2018 Nov, 26",201811
2018-11-27,FY2019,FY2019 Q2,2018 Nov,"2018 Nov, 27",201811
2018-11-28,FY2019,FY2019 Q2,2018 Nov,"2018 Nov, 28",201811
2018-11-29,FY2019,FY2019 Q2,2018 Nov,"2018 Nov, 29",201811
2018-11-30,FY2019,FY2019 Q2,2018 Nov,"2018 Nov, 30",201811
2018-12-01,FY2019,FY2019 Q2,2018 Dec,"2018 Dec, 01",201812
2018-12-02,FY2019,FY2019 Q2,2018 Dec,"2018 Dec, 02",201812
2018-12-03,FY2019,FY2019 Q2,2018 Dec,"2018 Dec, 03",201812
2018-12-04,FY2019,FY2019 Q2,2018 Dec,"2018 Dec, 04",201812
2018-12-05,FY2019,FY2019 Q2,2018 Dec,"2018 Dec, 05",201812
2018-12-06,FY2019,FY2019 Q2,2018 Dec,"2018 Dec, 06",201812
2018-12-07,FY2019,FY2019 Q2,2018 Dec,"2018 Dec, 07",201812
2018-12-08,FY2019,FY2019 Q2,2018 Dec,"2018 Dec, 08",201812
2018-12-09,FY2019,FY2019 Q2,2018 Dec,"2018 Dec, 09",201812
2018-12-10,FY2019,FY2019 Q2,2018 Dec,"2018 Dec, 10",201812
2018-12-11,FY2019,FY2019 Q2,2018 Dec,"2018 Dec, 11",201812
2018-12-12,FY2019,FY2019 Q2,2018 Dec,"2018 Dec, 12",201812
2018-12-13,FY2019,FY2019 Q2,2018 Dec,"2018 Dec, 13",201812
2018-12-14,FY2019,FY2019 Q2,2018 Dec,"2018 Dec, 14",201812
2018-12-15,FY2019,FY2019 Q2,2018 Dec,"2018 Dec, 15",201812
2018-12-16,FY2019,FY2019 Q2,2018 Dec,"2018 Dec, 16",201812
2018-12-17,FY2019,FY2019 Q2,2018 Dec,"2018 Dec, 17",201812
2018-12-18,FY2019,FY2019 Q2,2018 Dec,"2018 Dec, 18",201812
2018-12-19,FY2019,FY2019 Q2,2018 Dec,"2018 Dec, 19",201812
2018-12-20,FY2019,FY2019 Q2,2018 Dec,"2018 Dec, 20",201812
2018-12-21,FY2019,FY2019 Q2,2018 Dec,"2018 Dec, 21",201812
2018-12-22,FY2019,FY2019 Q2,2018 Dec,"2018 Dec, 22",201812
2018-12-23,FY2019,FY2019 Q2,2018 Dec,"2018 Dec, 23",201812
2018-12-24,FY2019,FY2019 Q2,2018 Dec,"2018 Dec, 24",201812
2018-12-25,FY2019,FY2019 Q2,2018 Dec,"2018 Dec, 25",201812
2018-12-26,FY2019,FY2019 Q2,2018 Dec,"2018 Dec, 26",201812
2018-12-27,FY2019,FY2019 Q2,2018 Dec,"2018 Dec, 27",201812
2018-12-28,FY2019,FY2019 Q2,2018 Dec,"2018 Dec, 28",201812
2018-12-29,FY2019,FY2019 Q2,2018 Dec,"2018 Dec, 29",201812
2018-12-30,FY2019,FY2019 Q2,2018 Dec,"2018 Dec, 30",201812
2018-12-31,FY2019,FY2019 Q2,2018 Dec,"2018 Dec, 31",201812
2019-01-01,FY2019,FY2019 Q3,2019 Jan,"2019 Jan, 01",201901
2019-01-02,FY2019,FY2019 Q3,2019 Jan,"2019 Jan, 02",201901
2019-01-03,FY2019,FY2019 Q3,2019 Jan,"2019 Jan, 03",201901
2019-01-04,FY2019,FY2019 Q3,2019 Jan,"2019 Jan, 04",201901
2019-01-05,FY2019,FY2019 Q3,2019 Jan,"2019 Jan, 05",201901
2019-01-06,FY2019,FY2019 Q3,2019 Jan,"2019 Jan, 06",201901
2019-01-07,FY2019,FY2019 Q3,2019 Jan,"2019 Jan, 07",201901
2019-01-08,FY2019,FY2019 Q3,2019 Jan,"2019 Jan, 08",201901
2019-01-09,FY2019,FY2019 Q3,2019 Jan,"2019 Jan, 09",201901
2019-01-10,FY2019,FY2019 Q3,2019 Jan,"2019 Jan, 10",201901
2019-01-11,FY2019,FY2019 Q3,2019 Jan,"2019 Jan, 11",201901
2019-01-12,FY2019,FY2019 Q3,2019 Jan,"2019 Jan, 12",201901
2019-01-13,FY2019,FY2019 Q3,2019 Jan,"2019 Jan, 13",201901
2019-01-14,FY2019,FY2019 Q3,2019 Jan,"2019 Jan, 14",201901
2019-01-15,FY2019,FY2019 Q3,2019 Jan,"2019 Jan, 15",201901
2019-01-16,FY2019,FY2019 Q3,2019 Jan,"2019 Jan, 16",201901
2019-01-17,FY2019,FY2019 Q3,2019 Jan,"2019 Jan, 17",201901
2019-01-18,FY2019,FY2019 Q3,2019 Jan,"2019 Jan, 18",201901
2019-01-19,FY2019,FY2019 Q3,2019 Jan,"2019 Jan, 19",201901
2019-01-20,FY2019,FY2019 Q3,2019 Jan,"2019 Jan, 20",201901
2019-01-21,FY2019,FY2019 Q3,2019 Jan,"2019 Jan, 21",201901
2019-01-22,FY2019,FY2019 Q3,2019 Jan,"2019 Jan, 22",201901
2019-01-23,FY2019,FY2019 Q3,2019 Jan,"2019 Jan, 23",201901
2019-01-24,FY2019,FY2019 Q3,2019 Jan,"2019 Jan, 24",201901
2019-01-25,FY2019,FY2019 Q3,2019 Jan,"2019 Jan, 25",201901
2019-01-26,FY2019,FY2019 Q3,2019 Jan,"2019 Jan, 26",201901
2019-01-27,FY2019,FY2019 Q3,2019 Jan,"2019 Jan, 27",201901
2019-01-28,FY2019,FY2019 Q3,2019 Jan,"2019 Jan, 28",201901
2019-01-29,FY2019,FY2019 Q3,2019 Jan,"2019 Jan, 29",201901
2019-01-30,FY2019,FY2019 Q3,2019 Jan,"2019 Jan, 30",201901
2019-01-31,FY2019,FY2019 Q3,2019 Jan,"2019 Jan, 31",201901
2019-02-01,FY2019,FY2019 Q3,2019 Feb,"2019 Feb, 01",201902
2019-02-02,FY2019,FY2019 Q3,2019 Feb,"2019 Feb, 02",201902
2019-02-03,FY2019,FY2019 Q3,2019 Feb,"2019 Feb, 03",201902
2019-02-04,FY2019,FY2019 Q3,2019 Feb,"2019 Feb, 04",201902
2019-02-05,FY2019,FY2019 Q3,2019 Feb,"2019 Feb, 05",201902
2019-02-06,FY2019,FY2019 Q3,2019 Feb,"2019 Feb, 06",201902
2019-02-07,FY2019,FY2019 Q3,2019 Feb,"2019 Feb, 07",201902
2019-02-08,FY2019,FY2019 Q3,2019 Feb,"2019 Feb, 08",201902
2019-02-09,FY2019,FY2019 Q3,2019 Feb,"2019 Feb, 09",201902
2019-02-10,FY2019,FY2019 Q3,2019 Feb,"2019 Feb, 10",201902
2019-02-11,FY2019,FY2019 Q3,2019 Feb,"2019 Feb, 11",201902
2019-02-12,FY2019,FY2019 Q3,2019 Feb,"2019 Feb, 12",201902
2019-02-13,FY2019,FY2019 Q3,2019 Feb,"2019 Feb, 13",201902
2019-02-14,FY2019,FY2019 Q3,2019 Feb,"2019 Feb, 14",201902
2019-02-15,FY2019,FY2019 Q3,2019 Feb,"2019 Feb, 15",201902
2019-02-16,FY2019,FY2019 Q3,2019 Feb,"2019 Feb, 16",201902
2019-02-17,FY2019,FY2019 Q3,2019 Feb,"2019 Feb, 17",201902
2019-02-18,FY2019,FY2019 Q3,2019 Feb,"2019 Feb, 18",201902
2019-02-19,FY2019,FY2019 Q3,2019 Feb,"2019 Feb, 19",201902
2019-02-20,FY2019,FY2019 Q3,2019 Feb,"2019 Feb, 20",201902
2019-02-21,FY2019,FY2019 Q3,2019 Feb,"2019 Feb, 21",201902
2019-02-22,FY2019,FY2019 Q3,2019 Feb,"2019 Feb, 22",201902
2019-02-23,FY2019,FY2019 Q3,2019 Feb,"2019 Feb, 23",201902
2019-02-24,FY2019,FY2019 Q3,2019 Feb,"2019 Feb, 24",201902
2019-02-25,FY2019,FY2019 Q3,2019 Feb,"2019 Feb, 25",201902
2019-02-26,FY2019,FY2019 Q3,2019 Feb,"2019 Feb, 26",201902
2019-02-27,FY2019,FY2019 Q3,2019 Feb,"2019 Feb, 27",201902
2019-02-28,FY2019,FY2019 Q3,2019 Feb,"2019 Feb, 28",201902
2019-03-01,FY2019,FY2019 Q3,2019 Mar,"2019 Mar, 01",201903
2019-03-02,FY2019,FY2019 Q3,2019 Mar,"2019 Mar, 02",201903
2019-03-03,FY2019,FY2019 Q3,2019 Mar,"2019 Mar, 03",201903
2019-03-04,FY2019,FY2019 Q3,2019 Mar,"2019 Mar, 04",201903
2019-03-05,FY2019,FY2019 Q3,2019 Mar,"2019 Mar, 05",201903
2019-03-06,FY2019,FY2019 Q3,2019 Mar,"2019 Mar, 06",201903
2019-03-07,FY2019,FY2019 Q3,2019 Mar,"2019 Mar, 07",201903
2019-03-08,FY2019,FY2019 Q3,2019 Mar,"2019 Mar, 08",201903
2019-03-09,FY2019,FY2019 Q3,2019 Mar,"2019 Mar, 09",201903
2019-03-10,FY2019,FY2019 Q3,2019 Mar,"2019 Mar, 10",201903
2019-03-11,FY2019,FY2019 Q3,2019 Mar,"2019 Mar, 11",201903
2019-03-12,FY2019,FY2019 Q3,2019 Mar,"2019 Mar, 12",201903
2019-03-13,FY2019,FY2019 Q3,2019 Mar,"2019 Mar, 13",201903
2019-03-14,FY2019,FY2019 Q3,2019 Mar,"2019 Mar, 14",201903
2019-03-15,FY2019,FY2019 Q3,2019 Mar,"2019 Mar, 15",201903
2019-03-16,FY2019,FY2019 Q3,2019 Mar,"2019 Mar, 16",201903
2019-03-17,FY2019,FY2019 Q3,2019 Mar,"2019 Mar, 17",201903
2019-03-18,FY2019,FY2019 Q3,2019 Mar,"2019 Mar, 18",201903
2019-03-19,FY2019,FY2019 Q3,2019 Mar,"2019 Mar, 19",201903
2019-03-20,FY2019,FY2019 Q3,2019 Mar,"2019 Mar, 20",201903
2019-03-21,FY2019,FY2019 Q3,2019 Mar,"2019 Mar, 21",201903
2019-03-22,FY2019,FY2019 Q3,2019 Mar,"2019 Mar, 22",201903
2019-03-23,FY2019,FY2019 Q3,2019 Mar,"2019 Mar, 23",201903
2019-03-24,FY2019,FY2019 Q3,2019 Mar,"2019 Mar, 24",201903
2019-03-25,FY2019,FY2019 Q3,2019 Mar,"2019 Mar, 25",201903
2019-03-26,FY2019,FY2019 Q3,2019 Mar,"2019 Mar, 26",201903
2019-03-27,FY2019,FY2019 Q3,2019 Mar,"2019 Mar, 27",201903
2019-03-28,FY2019,FY2019 Q3,2019 Mar,"2019 Mar, 28",201903
2019-03-29,FY2019,FY2019 Q3,2019 Mar,"2019 Mar, 29",201903
2019-03-30,FY2019,FY2019 Q3,2019 Mar,"2019 Mar, 30",201903
2019-03-31,FY2019,FY2019 Q3,2019 Mar,"2019 Mar, 31",201903
2019-04-01,FY2019,FY2019 Q4,2019 Apr,"2019 Apr, 01",201904
2019-04-02,FY2019,FY2019 Q4,2019 Apr,"2019 Apr, 02",201904
2019-04-03,FY2019,FY2019 Q4,2019 Apr,"2019 Apr, 03",201904
2019-04-04,FY2019,FY2019 Q4,2019 Apr,"2019 Apr, 04",201904
2019-04-05,FY2019,FY2019 Q4,2019 Apr,"2019 Apr, 05",201904
2019-04-06,FY2019,FY2019 Q4,2019 Apr,"2019 Apr, 06",201904
2019-04-07,FY2019,FY2019 Q4,2019 Apr,"2019 Apr, 07",201904
2019-04-08,FY2019,FY2019 Q4,2019 Apr,"2019 Apr, 08",201904
2019-04-09,FY2019,FY2019 Q4,2019 Apr,"2019 Apr, 09",201904
2019-04-10,FY2019,FY2019 Q4,2019 Apr,"2019 Apr, 10",201904
2019-04-11,FY2019,FY2019 Q4,2019 Apr,"2019 Apr, 11",201904
2019-04-12,FY2019,FY2019 Q4,2019 Apr,"2019 Apr, 12",201904
2019-04-13,FY2019,FY2019 Q4,2019 Apr,"2019 Apr, 13",201904
2019-04-14,FY2019,FY2019 Q4,2019 Apr,"2019 Apr, 14",201904
2019-04-15,FY2019,FY2019 Q4,2019 Apr,"2019 Apr, 15",201904
2019-04-16,FY2019,FY2019 Q4,2019 Apr,"2019 Apr, 16",201904
2019-04-17,FY2019,FY2019 Q4,2019 Apr,"2019 Apr, 17",201904
2019-04-18,FY2019,FY2019 Q4,2019 Apr,"2019 Apr, 18",201904
2019-04-19,FY2019,FY2019 Q4,2019 Apr,"2019 Apr, 19",201904
2019-04-20,FY2019,FY2019 Q4,2019 Apr,"2019 Apr, 20",201904
2019-04-21,FY2019,FY2019 Q4,2019 Apr,"2019 Apr, 21",201904
2019-04-22,FY2019,FY2019 Q4,2019 Apr,"2019 Apr, 22",201904
2019-04-23,FY2019,FY2019 Q4,2019 Apr,"2019 Apr, 23",201904
2019-04-24,FY2019,FY2019 Q4,2019 Apr,"2019 Apr, 24",201904
2019-04-25,FY2019,FY2019 Q4,2019 Apr,"2019 Apr, 25",201904
2019-04-26,FY2019,FY2019 Q4,2019 Apr,"2019 Apr, 26",201904
2019-04-27,FY2019,FY2019 Q4,2019 Apr,"2019 Apr, 27",201904
2019-04-28,FY2019,FY2019 Q4,2019 Apr,"2019 Apr, 28",201904
2019-04-29,FY2019,FY2019 Q4,2019 Apr,"2019 Apr, 29",201904
2019-04-30,FY2019,FY2019 Q4,2019 Apr,"2019 Apr, 30",201904
2019-05-01,FY2019,FY2019 Q4,2019 May,"2019 May, 01",201905
2019-05-02,FY2019,FY2019 Q4,2019 May,"2019 May, 02",201905
2019-05-03,FY2019,FY2019 Q4,2019 May,"2019 May, 03",201905
2019-05-04,FY2019,FY2019 Q4,2019 May,"2019 May, 04",201905
2019-05-05,FY2019,FY2019 Q4,2019 May,"2019 May, 05",201905
2019-05-06,FY2019,FY2019 Q4,2019 May,"2019 May, 06",201905
2019-05-07,FY2019,FY2019 Q4,2019 May,"2019 May, 07",201905
2019-05-08,FY2019,FY2019 Q4,2019 May,"2019 May, 08",201905
2019-05-09,FY2019,FY2019 Q4,2019 May,"2019 May, 09",201905
2019-05-10,FY2019,FY2019 Q4,2019 May,"2019 May, 10",201905
2019-05-11,FY2019,FY2019 Q4,2019 May,"2019 May, 11",201905
2019-05-12,FY2019,FY2019 Q4,2019 May,"2019 May, 12",201905
2019-05-13,FY2019,FY2019 Q4,2019 May,"2019 May, 13",201905
2019-05-14,FY2019,FY2019 Q4,2019 May,"2019 May, 14",201905
2019-05-15,FY2019,FY2019 Q4,2019 May,"2019 May, 15",201905
2019-05-16,FY2019,FY2019 Q4,2019 May,"2019 May, 16",201905
2019-05-17,FY2019,FY2019 Q4,2019 May,"2019 May, 17",201905
2019-05-18,FY2019,FY2019 Q4,2019 May,"2019 May, 18",201905
2019-05-19,FY2019,FY2019 Q4,2019 May,"2019 May, 19",201905
2019-05-20,FY2019,FY2019 Q4,2019 May,"2019 May, 20",201905
2019-05-21,FY2019,FY2019 Q4,2019 May,"2019 May, 21",201905
2019-05-22,FY2019,FY2019 Q4,2019 May,"2019 May, 22",201905
2019-05-23,FY2019,FY2019 Q4,2019 May,"2019 May, 23",201905
2019-05-24,FY2019,FY2019 Q4,2019 May,"2019 May, 24",201905
2019-05-25,FY2019,FY2019 Q4,2019 May,"2019 May, 25",201905
2019-05-26,FY2019,FY2019 Q4,2019 May,"2019 May, 26",201905
2019-05-27,FY2019,FY2019 Q4,2019 May,"2019 May, 27",201905
2019-05-28,FY2019,FY2019 Q4,2019 May,"2019 May, 28",201905
2019-05-29,FY2019,FY2019 Q4,2019 May,"2019 May, 29",201905
2019-05-30,FY2019,FY2019 Q4,2019 May,"2019 May, 30",201905
2019-05-31,FY2019,FY2019 Q4,2019 May,"2019 May, 31",201905
2019-06-01,FY2019,FY2019 Q4,2019 Jun,"2019 Jun, 01",201906
2019-06-02,FY2019,FY2019 Q4,2019 Jun,"2019 Jun, 02",201906
2019-06-03,FY2019,FY2019 Q4,2019 Jun,"2019 Jun, 03",201906
2019-06-04,FY2019,FY2019 Q4,2019 Jun,"2019 Jun, 04",201906
2019-06-05,FY2019,FY2019 Q4,2019 Jun,"2019 Jun, 05",201906
2019-06-06,FY2019,FY2019 Q4,2019 Jun,"2019 Jun, 06",201906
2019-06-07,FY2019,FY2019 Q4,2019 Jun,"2019 Jun, 07",201906
2019-06-08,FY2019,FY2019 Q4,2019 Jun,"2019 Jun, 08",201906
2019-06-09,FY2019,FY2019 Q4,2019 Jun,"2019 Jun, 09",201906
2019-06-10,FY2019,FY2019 Q4,2019 Jun,"2019 Jun, 10",201906
2019-06-11,FY2019,FY2019 Q4,2019 Jun,"2019 Jun, 11",201906
2019-06-12,FY2019,FY2019 Q4,2019 Jun,"2019 Jun, 12",201906
2019-06-13,FY2019,FY2019 Q4,2019 Jun,"2019 Jun, 13",201906
2019-06-14,FY2019,FY2019 Q4,2019 Jun,"2019 Jun, 14",201906
2019-06-15,FY2019,FY2019 Q4,2019 Jun,"2019 Jun, 15",201906
2019-06-16,FY2019,FY2019 Q4,2019 Jun,"2019 Jun, 16",201906
2019-06-17,FY2019,FY2019 Q4,2019 Jun,"2019 Jun, 17",201906
2019-06-18,FY2019,FY2019 Q4,2019 Jun,"2019 Jun, 18",201906
2019-06-19,FY2019,FY2019 Q4,2019 Jun,"2019 Jun, 19",201906
2019-06-20,FY2019,FY2019 Q4,2019 Jun,"2019 Jun, 20",201906
2019-06-21,FY2019,FY2019 Q4,2019 Jun,"2019 Jun, 21",201906
2019-06-22,FY2019,FY2019 Q4,2019 Jun,"2019 Jun, 22",201906
2019-06-23,FY2019,FY2019 Q4,2019 Jun,"2019 Jun, 23",201906
2019-06-24,FY2019,FY2019 Q4,2019 Jun,"2019 Jun, 24",201906
2019-06-25,FY2019,FY2019 Q4,2019 Jun,"2019 Jun, 25",201906
2019-06-26,FY2019,FY2019 Q4,2019 Jun,"2019 Jun, 26",201906
2019-06-27,FY2019,FY2019 Q4,2019 Jun,"2019 Jun, 27",201906
2019-06-28,FY2019,FY2019 Q4,2019 Jun,"2019 Jun, 28",201906
2019-06-29,FY2019,FY2019 Q4,2019 Jun,"2019 Jun, 29",201906
2019-06-30,FY2019,FY2019 Q4,2019 Jun,"2019 Jun, 30",201906
2019-07-01,FY2020,FY2020 Q1,2019 Jul,"2019 Jul, 01",201907
2019-07-02,FY2020,FY2020 Q1,2019 Jul,"2019 Jul, 02",201907
2019-07-03,FY2020,FY2020 Q1,2019 Jul,"2019 Jul, 03",201907
2019-07-04,FY2020,FY2020 Q1,2019 Jul,"2019 Jul, 04",201907
2019-07-05,FY2020,FY2020 Q1,2019 Jul,"2019 Jul, 05",201907
2019-07-06,FY2020,FY2020 Q1,2019 Jul,"2019 Jul, 06",201907
2019-07-07,FY2020,FY2020 Q1,2019 Jul,"2019 Jul, 07",201907
2019-07-08,FY2020,FY2020 Q1,2019 Jul,"2019 Jul, 08",201907
2019-07-09,FY2020,FY2020 Q1,2019 Jul,"2019 Jul, 09",201907
2019-07-10,FY2020,FY2020 Q1,2019 Jul,"2019 Jul, 10",201907
2019-07-11,FY2020,FY2020 Q1,2019 Jul,"2019 Jul, 11",201907
2019-07-12,FY2020,FY2020 Q1,2019 Jul,"2019 Jul, 12",201907
2019-07-13,FY2020,FY2020 Q1,2019 Jul,"2019 Jul, 13",201907
2019-07-14,FY2020,FY2020 Q1,2019 Jul,"2019 Jul, 14",201907
2019-07-15,FY2020,FY2020 Q1,2019 Jul,"2019 Jul, 15",201907
2019-07-16,FY2020,FY2020 Q1,2019 Jul,"2019 Jul, 16",201907
2019-07-17,FY2020,FY2020 Q1,2019 Jul,"2019 Jul, 17",201907
2019-07-18,FY2020,FY2020 Q1,2019 Jul,"2019 Jul, 18",201907
2019-07-19,FY2020,FY2020 Q1,2019 Jul,"2019 Jul, 19",201907
2019-07-20,FY2020,FY2020 Q1,2019 Jul,"2019 Jul, 20",201907
2019-07-21,FY2020,FY2020 Q1,2019 Jul,"2019 Jul, 21",201907
2019-07-22,FY2020,FY2020 Q1,2019 Jul,"2019 Jul, 22",201907
2019-07-23,FY2020,FY2020 Q1,2019 Jul,"2019 Jul, 23",201907
2019-07-24,FY2020,FY2020 Q1,2019 Jul,"2019 Jul, 24",201907
2019-07-25,FY2020,FY2020 Q1,2019 Jul,"2019 Jul, 25",201907
2019-07-26,FY2020,FY2020 Q1,2019 Jul,"2019 Jul, 26",201907
2019-07-27,FY2020,FY2020 Q1,2019 Jul,"2019 Jul, 27",201907
2019-07-28,FY2020,FY2020 Q1,2019 Jul,"2019 Jul, 28",201907
2019-07-29,FY2020,FY2020 Q1,2019 Jul,"2019 Jul, 29",201907
2019-07-30,FY2020,FY2020 Q1,2019 Jul,"2019 Jul, 30",201907
2019-07-31,FY2020,FY2020 Q1,2019 Jul,"2019 Jul, 31",201907
2019-08-01,FY2020,FY2020 Q1,2019 Aug,"2019 Aug, 01",201908
2019-08-02,FY2020,FY2020 Q1,2019 Aug,"2019 Aug, 02",201908
2019-08-03,FY2020,FY2020 Q1,2019 Aug,"2019 Aug, 03",201908
2019-08-04,FY2020,FY2020 Q1,2019 Aug,"2019 Aug, 04",201908
2019-08-05,FY2020,FY2020 Q1,2019 Aug,"2019 Aug, 05",201908
2019-08-06,FY2020,FY2020 Q1,2019 Aug,"2019 Aug, 06",201908
2019-08-07,FY2020,FY2020 Q1,2019 Aug,"2019 Aug, 07",201908
2019-08-08,FY2020,FY2020 Q1,2019 Aug,"2019 Aug, 08",201908
2019-08-09,FY2020,FY2020 Q1,2019 Aug,"2019 Aug, 09",201908
2019-08-10,FY2020,FY2020 Q1,2019 Aug,"2019 Aug, 10",201908
2019-08-11,FY2020,FY2020 Q1,2019 Aug,"2019 Aug, 11",201908
2019-08-12,FY2020,FY2020 Q1,2019 Aug,"2019 Aug, 12",201908
2019-08-13,FY2020,FY2020 Q1,2019 Aug,"2019 Aug, 13",201908
2019-08-14,FY2020,FY2020 Q1,2019 Aug,"2019 Aug, 14",201908
2019-08-15,FY2020,FY2020 Q1,2019 Aug,"2019 Aug, 15",201908
2019-08-16,FY2020,FY2020 Q1,2019 Aug,"2019 Aug, 16",201908
2019-08-17,FY2020,FY2020 Q1,2019 Aug,"2019 Aug, 17",201908
2019-08-18,FY2020,FY2020 Q1,2019 Aug,"2019 Aug, 18",201908
2019-08-19,FY2020,FY2020 Q1,2019 Aug,"2019 Aug, 19",201908
2019-08-20,FY2020,FY2020 Q1,2019 Aug,"2019 Aug, 20",201908
2019-08-21,FY2020,FY2020 Q1,2019 Aug,"2019 Aug, 21",201908
2019-08-22,FY2020,FY2020 Q1,2019 Aug,"2019 Aug, 22",201908
2019-08-23,FY2020,FY2020 Q1,2019 Aug,"2019 Aug, 23",201908
2019-08-24,FY2020,FY2020 Q1,2019 Aug,"2019 Aug, 24",201908
2019-08-25,FY2020,FY2020 Q1,2019 Aug,"2019 Aug, 25",201908
2019-08-26,FY2020,FY2020 Q1,2019 Aug,"2019 Aug, 26",201908
2019-08-27,FY2020,FY2020 Q1,2019 Aug,"2019 Aug, 27",201908
2019-08-28,FY2020,FY2020 Q1,2019 Aug,"2019 Aug, 28",201908
2019-08-29,FY2020,FY2020 Q1,2019 Aug,"2019 Aug, 29",201908
2019-08-30,FY2020,FY2020 Q1,2019 Aug,"2019 Aug, 30",201908
2019-08-31,FY2020,FY2020 Q1,2019 Aug,"2019 Aug, 31",201908
2019-09-01,FY2020,FY2020 Q1,2019 Sep,"2019 Sep, 01",201909
2019-09-02,FY2020,FY2020 Q1,2019 Sep,"2019 Sep, 02",201909
2019-09-03,FY2020,FY2020 Q1,2019 Sep,"2019 Sep, 03",201909
2019-09-04,FY2020,FY2020 Q1,2019 Sep,"2019 Sep, 04",201909
2019-09-05,FY2020,FY2020 Q1,2019 Sep,"2019 Sep, 05",201909
2019-09-06,FY2020,FY2020 Q1,2019 Sep,"2019 Sep, 06",201909
2019-09-07,FY2020,FY2020 Q1,2019 Sep,"2019 Sep, 07",201909
2019-09-08,FY2020,FY2020 Q1,2019 Sep,"2019 Sep, 08",201909
2019-09-09,FY2020,FY2020 Q1,2019 Sep,"2019 Sep, 09",201909
2019-09-10,FY2020,FY2020 Q1,2019 Sep,"2019 Sep, 10",201909
2019-09-11,FY2020,FY2020 Q1,2019 Sep,"2019 Sep, 11",201909
2019-09-12,FY2020,FY2020 Q1,2019 Sep,"2019 Sep, 12",201909
2019-09-13,FY2020,FY2020 Q1,2019 Sep,"2019 Sep, 13",201909
2019-09-14,FY2020,FY2020 Q1,2019 Sep,"2019 Sep, 14",201909
2019-09-15,FY2020,FY2020 Q1,2019 Sep,"2019 Sep, 15",201909
2019-09-16,FY2020,FY2020 Q1,2019 Sep,"2019 Sep, 16",201909
2019-09-17,FY2020,FY2020 Q1,2019 Sep,"2019 Sep, 17",201909
2019-09-18,FY2020,FY2020 Q1,2019 Sep,"2019 Sep, 18",201909
2019-09-19,FY2020,FY2020 Q1,2019 Sep,"2019 Sep, 19",201909
2019-09-20,FY2020,FY2020 Q1,2019 Sep,"2019 Sep, 20",201909
2019-09-21,FY2020,FY2020 Q1,2019 Sep,"2019 Sep, 21",201909
2019-09-22,FY2020,FY2020 Q1,2019 Sep,"2019 Sep, 22",201909
2019-09-23,FY2020,FY2020 Q1,2019 Sep,"2019 Sep, 23",201909
2019-09-24,FY2020,FY2020 Q1,2019 Sep,"2019 Sep, 24",201909
2019-09-25,FY2020,FY2020 Q1,2019 Sep,"2019 Sep, 25",201909
2019-09-26,FY2020,FY2020 Q1,2019 Sep,"2019 Sep, 26",201909
2019-09-27,FY2020,FY2020 Q1,2019 Sep,"2019 Sep, 27",201909
2019-09-28,FY2020,FY2020 Q1,2019 Sep,"2019 Sep, 28",201909
2019-09-29,FY2020,FY2020 Q1,2019 Sep,"2019 Sep, 29",201909
2019-09-30,FY2020,FY2020 Q1,2019 Sep,"2019 Sep, 30",201909
2019-10-01,FY2020,FY2020 Q2,2019 Oct,"2019 Oct, 01",201910
2019-10-02,FY2020,FY2020 Q2,2019 Oct,"2019 Oct, 02",201910
2019-10-03,FY2020,FY2020 Q2,2019 Oct,"2019 Oct, 03",201910
2019-10-04,FY2020,FY2020 Q2,2019 Oct,"2019 Oct, 04",201910
2019-10-05,FY2020,FY2020 Q2,2019 Oct,"2019 Oct, 05",201910
2019-10-06,FY2020,FY2020 Q2,2019 Oct,"2019 Oct, 06",201910
2019-10-07,FY2020,FY2020 Q2,2019 Oct,"2019 Oct, 07",201910
2019-10-08,FY2020,FY2020 Q2,2019 Oct,"2019 Oct, 08",201910
2019-10-09,FY2020,FY2020 Q2,2019 Oct,"2019 Oct, 09",201910
2019-10-10,FY2020,FY2020 Q2,2019 Oct,"2019 Oct, 10",201910
2019-10-11,FY2020,FY2020 Q2,2019 Oct,"2019 Oct, 11",201910
2019-10-12,FY2020,FY2020 Q2,2019 Oct,"2019 Oct, 12",201910
2019-10-13,FY2020,FY2020 Q2,2019 Oct,"2019 Oct, 13",201910
2019-10-14,FY2020,FY2020 Q2,2019 Oct,"2019 Oct, 14",201910
2019-10-15,FY2020,FY2020 Q2,2019 Oct,"2019 Oct, 15",201910
2019-10-16,FY2020,FY2020 Q2,2019 Oct,"2019 Oct, 16",201910
2019-10-17,FY2020,FY2020 Q2,2019 Oct,"2019 Oct, 17",201910
2019-10-18,FY2020,FY2020 Q2,2019 Oct,"2019 Oct, 18",201910
2019-10-19,FY2020,FY2020 Q2,2019 Oct,"2019 Oct, 19",201910
2019-10-20,FY2020,FY2020 Q2,2019 Oct,"2019 Oct, 20",201910
2019-10-21,FY2020,FY2020 Q2,2019 Oct,"2019 Oct, 21",201910
2019-10-22,FY2020,FY2020 Q2,2019 Oct,"2019 Oct, 22",201910
2019-10-23,FY2020,FY2020 Q2,2019 Oct,"2019 Oct, 23",201910
2019-10-24,FY2020,FY2020 Q2,2019 Oct,"2019 Oct, 24",201910
2019-10-25,FY2020,FY2020 Q2,2019 Oct,"2019 Oct, 25",201910
2019-10-26,FY2020,FY2020 Q2,2019 Oct,"2019 Oct, 26",201910
2019-10-27,FY2020,FY2020 Q2,2019 Oct,"2019 Oct, 27",201910
2019-10-28,FY2020,FY2020 Q2,2019 Oct,"2019 Oct, 28",201910
2019-10-29,FY2020,FY2020 Q2,2019 Oct,"2019 Oct, 29",201910
2019-10-30,FY2020,FY2020 Q2,2019 Oct,"2019 Oct, 30",201910
2019-10-31,FY2020,FY2020 Q2,2019 Oct,"2019 Oct, 31",201910
2019-11-01,FY2020,FY2020 Q2,2019 Nov,"2019 Nov, 01",201911
2019-11-02,FY2020,FY2020 Q2,2019 Nov,"2019 Nov, 02",201911
2019-11-03,FY2020,FY2020 Q2,2019 Nov,"2019 Nov, 03",201911
2019-11-04,FY2020,FY2020 Q2,2019 Nov,"2019 Nov, 04",201911
2019-11-05,FY2020,FY2020 Q2,2019 Nov,"2019 Nov, 05",201911
2019-11-06,FY2020,FY2020 Q2,2019 Nov,"2019 Nov, 06",201911
2019-11-07,FY2020,FY2020 Q2,2019 Nov,"2019 Nov, 07",201911
2019-11-08,FY2020,FY2020 Q2,2019 Nov,"2019 Nov, 08",201911
2019-11-09,FY2020,FY2020 Q2,2019 Nov,"2019 Nov, 09",201911
2019-11-10,FY2020,FY2020 Q2,2019 Nov,"2019 Nov, 10",201911
2019-11-11,FY2020,FY2020 Q2,2019 Nov,"2019 Nov, 11",201911
2019-11-12,FY2020,FY2020 Q2,2019 Nov,"2019 Nov, 12",201911
2019-11-13,FY2020,FY2020 Q2,2019 Nov,"2019 Nov, 13",201911
2019-11-14,FY2020,FY2020 Q2,2019 Nov,"2019 Nov, 14",201911
2019-11-15,FY2020,FY2020 Q2,2019 Nov,"2019 Nov, 15",201911
2019-11-16,FY2020,FY2020 Q2,2019 Nov,"2019 Nov, 16",201911
2019-11-17,FY2020,FY2020 Q2,2019 Nov,"2019 Nov, 17",201911
2019-11-18,FY2020,FY2020 Q2,2019 Nov,"2019 Nov, 18",201911
2019-11-19,FY2020,FY2020 Q2,2019 Nov,"2019 Nov, 19",201911
2019-11-20,FY2020,FY2020 Q2,2019 Nov,"2019 Nov, 20",201911
2019-11-21,FY2020,FY2020 Q2,2019 Nov,"2019 Nov, 21",201911
2019-11-22,FY2020,FY2020 Q2,2019 Nov,"2019 Nov, 22",201911
2019-11-23,FY2020,FY2020 Q2,2019 Nov,"2019 Nov, 23",201911
2019-11-24,FY2020,FY2020 Q2,2019 Nov,"2019 Nov, 24",201911
2019-11-25,FY2020,FY2020 Q2,2019 Nov,"2019 Nov, 25",201911
2019-11-26,FY2020,FY2020 Q2,2019 Nov,"2019 Nov, 26",201911
2019-11-27,FY2020,FY2020 Q2,2019 Nov,"2019 Nov, 27",201911
2019-11-28,FY2020,FY2020 Q2,2019 Nov,"2019 Nov, 28",201911
2019-11-29,FY2020,FY2020 Q2,2019 Nov,"2019 Nov, 29",201911
2019-11-30,FY2020,FY2020 Q2,2019 Nov,"2019 Nov, 30",201911
2019-12-01,FY2020,FY2020 Q2,2019 Dec,"2019 Dec, 01",201912
2019-12-02,FY2020,FY2020 Q2,2019 Dec,"2019 Dec, 02",201912
2019-12-03,FY2020,FY2020 Q2,2019 Dec,"2019 Dec, 03",201912
2019-12-04,FY2020,FY2020 Q2,2019 Dec,"2019 Dec, 04",201912
2019-12-05,FY2020,FY2020 Q2,2019 Dec,"2019 Dec, 05",201912
2019-12-06,FY2020,FY2020 Q2,2019 Dec,"2019 Dec, 06",201912
2019-12-07,FY2020,FY2020 Q2,2019 Dec,"2019 Dec, 07",201912
2019-12-08,FY2020,FY2020 Q2,2019 Dec,"2019 Dec, 08",201912
2019-12-09,FY2020,FY2020 Q2,2019 Dec,"2019 Dec, 09",201912
2019-12-10,FY2020,FY2020 Q2,2019 Dec,"2019 Dec, 10",201912
2019-12-11,FY2020,FY2020 Q2,2019 Dec,"2019 Dec, 11",201912
2019-12-12,FY2020,FY2020 Q2,2019 Dec,"2019 Dec, 12",201912
2019-12-13,FY2020,FY2020 Q2,2019 Dec,"2019 Dec, 13",201912
2019-12-14,FY2020,FY2020 Q2,2019 Dec,"2019 Dec, 14",201912
2019-12-15,FY2020,FY2020 Q2,2019 Dec,"2019 Dec, 15",201912
2019-12-16,FY2020,FY2020 Q2,2019 Dec,"2019 Dec, 16",201912
2019-12-17,FY2020,FY2020 Q2,2019 Dec,"2019 Dec, 17",201912
2019-12-18,FY2020,FY2020 Q2,2019 Dec,"2019 Dec, 18",201912
2019-12-19,FY2020,FY2020 Q2,2019 Dec,"2019 Dec, 19",201912
2019-12-20,FY2020,FY2020 Q2,2019 Dec,"2019 Dec, 20",201912
2019-12-21,FY2020,FY2020 Q2,2019 Dec,"2019 Dec, 21",201912
2019-12-22,FY2020,FY2020 Q2,2019 Dec,"2019 Dec, 22",201912
2019-12-23,FY2020,FY2020 Q2,2019 Dec,"2019 Dec, 23",201912
2019-12-24,FY2020,FY2020 Q2,2019 Dec,"2019 Dec, 24",201912
2019-12-25,FY2020,FY2020 Q2,2019 Dec,"2019 Dec, 25",201912
2019-12-26,FY2020,FY2020 Q2,2019 Dec,"2019 Dec, 26",201912
2019-12-27,FY2020,FY2020 Q2,2019 Dec,"2019 Dec, 27",201912
2019-12-28,FY2020,FY2020 Q2,2019 Dec,"2019 Dec, 28",201912
2019-12-29,FY2020,FY2020 Q2,2019 Dec,"2019 Dec, 29",201912
2019-12-30,FY2020,FY2020 Q2,2019 Dec,"2019 Dec, 30",201912
2019-12-31,FY2020,FY2020 Q2,2019 Dec,"2019 Dec, 31",201912
2020-01-01,FY2020,FY2020 Q3,2020 Jan,"2020 Jan, 01",202001
2020-01-02,FY2020,FY2020 Q3,2020 Jan,"2020 Jan, 02",202001
2020-01-03,FY2020,FY2020 Q3,2020 Jan,"2020 Jan, 03",202001
2020-01-04,FY2020,FY2020 Q3,2020 Jan,"2020 Jan, 04",202001
2020-01-05,FY2020,FY2020 Q3,2020 Jan,"2020 Jan, 05",202001
2020-01-06,FY2020,FY2020 Q3,2020 Jan,"2020 Jan, 06",202001
2020-01-07,FY2020,FY2020 Q3,2020 Jan,"2020 Jan, 07",202001
2020-01-08,FY2020,FY2020 Q3,2020 Jan,"2020 Jan, 08",202001
2020-01-09,FY2020,FY2020 Q3,2020 Jan,"2020 Jan, 09",202001
2020-01-10,FY2020,FY2020 Q3,2020 Jan,"2020 Jan, 10",202001
2020-01-11,FY2020,FY2020 Q3,2020 Jan,"2020 Jan, 11",202001
2020-01-12,FY2020,FY2020 Q3,2020 Jan,"2020 Jan, 12",202001
2020-01-13,FY2020,FY2020 Q3,2020 Jan,"2020 Jan, 13",202001
2020-01-14,FY2020,FY2020 Q3,2020 Jan,"2020 Jan, 14",202001
2020-01-15,FY2020,FY2020 Q3,2020 Jan,"2020 Jan, 15",202001
2020-01-16,FY2020,FY2020 Q3,2020 Jan,"2020 Jan, 16",202001
2020-01-17,FY2020,FY2020 Q3,2020 Jan,"2020 Jan, 17",202001
2020-01-18,FY2020,FY2020 Q3,2020 Jan,"2020 Jan, 18",202001
2020-01-19,FY2020,FY2020 Q3,2020 Jan,"2020 Jan, 19",202001
2020-01-20,FY2020,FY2020 Q3,2020 Jan,"2020 Jan, 20",202001
2020-01-21,FY2020,FY2020 Q3,2020 Jan,"2020 Jan, 21",202001
2020-01-22,FY2020,FY2020 Q3,2020 Jan,"2020 Jan, 22",202001
2020-01-23,FY2020,FY2020 Q3,2020 Jan,"2020 Jan, 23",202001
2020-01-24,FY2020,FY2020 Q3,2020 Jan,"2020 Jan, 24",202001
2020-01-25,FY2020,FY2020 Q3,2020 Jan,"2020 Jan, 25",202001
2020-01-26,FY2020,FY2020 Q3,2020 Jan,"2020 Jan, 26",202001
2020-01-27,FY2020,FY2020 Q3,2020 Jan,"2020 Jan, 27",202001
2020-01-28,FY2020,FY2020 Q3,2020 Jan,"2020 Jan, 28",202001
2020-01-29,FY2020,FY2020 Q3,2020 Jan,"2020 Jan, 29",202001
2020-01-30,FY2020,FY2020 Q3,2020 Jan,"2020 Jan, 30",202001
2020-01-31,FY2020,FY2020 Q3,2020 Jan,"2020 Jan, 31",202001
2020-02-01,FY2020,FY2020 Q3,2020 Feb,"2020 Feb, 01",202002
2020-02-02,FY2020,FY2020 Q3,2020 Feb,"2020 Feb, 02",202002
2020-02-03,FY2020,FY2020 Q3,2020 Feb,"2020 Feb, 03",202002
2020-02-04,FY2020,FY2020 Q3,2020 Feb,"2020 Feb, 04",202002
2020-02-05,FY2020,FY2020 Q3,2020 Feb,"2020 Feb, 05",202002
2020-02-06,FY2020,FY2020 Q3,2020 Feb,"2020 Feb, 06",202002
2020-02-07,FY2020,FY2020 Q3,2020 Feb,"2020 Feb, 07",202002
2020-02-08,FY2020,FY2020 Q3,2020 Feb,"2020 Feb, 08",202002
2020-02-09,FY2020,FY2020 Q3,2020 Feb,"2020 Feb, 09",202002
2020-02-10,FY2020,FY2020 Q3,2020 Feb,"2020 Feb, 10",202002
2020-02-11,FY2020,FY2020 Q3,2020 Feb,"2020 Feb, 11",202002
2020-02-12,FY2020,FY2020 Q3,2020 Feb,"2020 Feb, 12",202002
2020-02-13,FY2020,FY2020 Q3,2020 Feb,"2020 Feb, 13",202002
2020-02-14,FY2020,FY2020 Q3,2020 Feb,"2020 Feb, 14",202002
2020-02-15,FY2020,FY2020 Q3,2020 Feb,"2020 Feb, 15",202002
2020-02-16,FY2020,FY2020 Q3,2020 Feb,"2020 Feb, 16",202002
2020-02-17,FY2020,FY2020 Q3,2020 Feb,"2020 Feb, 17",202002
2020-02-18,FY2020,FY2020 Q3,2020 Feb,"2020 Feb, 18",202002
2020-02-19,FY2020,FY2020 Q3,2020 Feb,"2020 Feb, 19",202002
2020-02-20,FY2020,FY2020 Q3,2020 Feb,"2020 Feb, 20",202002
2020-02-21,FY2020,FY2020 Q3,2020 Feb,"2020 Feb, 21",202002
2020-02-22,FY2020,FY2020 Q3,2020 Feb,"2020 Feb, 22",202002
2020-02-23,FY2020,FY2020 Q3,2020 Feb,"2020 Feb, 23",202002
2020-02-24,FY2020,FY2020 Q3,2020 Feb,"2020 Feb, 24",202002
2020-02-25,FY2020,FY2020 Q3,2020 Feb,"2020 Feb, 25",202002
2020-02-26,FY2020,FY2020 Q3,2020 Feb,"2020 Feb, 26",202002
2020-02-27,FY2020,FY2020 Q3,2020 Feb,"2020 Feb, 27",202002
2020-02-28,FY2020,FY2020 Q3,2020 Feb,"2020 Feb, 28",202002
2020-02-29,FY2020,FY2020 Q3,2020 Feb,"2020 Feb, 29",202002
2020-03-01,FY2020,FY2020 Q3,2020 Mar,"2020 Mar, 01",202003
2020-03-02,FY2020,FY2020 Q3,2020 Mar,"2020 Mar, 02",202003
2020-03-03,FY2020,FY2020 Q3,2020 Mar,"2020 Mar, 03",202003
2020-03-04,FY2020,FY2020 Q3,2020 Mar,"2020 Mar, 04",202003
2020-03-05,FY2020,FY2020 Q3,2020 Mar,"2020 Mar, 05",202003
2020-03-06,FY2020,FY2020 Q3,2020 Mar,"2020 Mar, 06",202003
2020-03-07,FY2020,FY2020 Q3,2020 Mar,"2020 Mar, 07",202003
2020-03-08,FY2020,FY2020 Q3,2020 Mar,"2020 Mar, 08",202003
2020-03-09,FY2020,FY2020 Q3,2020 Mar,"2020 Mar, 09",202003
2020-03-10,FY2020,FY2020 Q3,2020 Mar,"2020 Mar, 10",202003
2020-03-11,FY2020,FY2020 Q3,2020 Mar,"2020 Mar, 11",202003
2020-03-12,FY2020,FY2020 Q3,2020 Mar,"2020 Mar, 12",202003
2020-03-13,FY2020,FY2020 Q3,2020 Mar,"2020 Mar, 13",202003
2020-03-14,FY2020,FY2020 Q3,2020 Mar,"2020 Mar, 14",202003
2020-03-15,FY2020,FY2020 Q3,2020 Mar,"2020 Mar, 15",202003
2020-03-16,FY2020,FY2020 Q3,2020 Mar,"2020 Mar, 16",202003
2020-03-17,FY2020,FY2020 Q3,2020 Mar,"2020 Mar, 17",202003
2020-03-18,FY2020,FY2020 Q3,2020 Mar,"2020 Mar, 18",202003
2020-03-19,FY2020,FY2020 Q3,2020 Mar,"2020 Mar, 19",202003
2020-03-20,FY2020,FY2020 Q3,2020 Mar,"2020 Mar, 20",202003
2020-03-21,FY2020,FY2020 Q3,2020 Mar,"2020 Mar, 21",202003
2020-03-22,FY2020,FY2020 Q3,2020 Mar,"2020 Mar, 22",202003
2020-03-23,FY2020,FY2020 Q3,2020 Mar,"2020 Mar, 23",202003
2020-03-24,FY2020,FY2020 Q3,2020 Mar,"2020 Mar, 24",202003
2020-03-25,FY2020,FY2020 Q3,2020 Mar,"2020 Mar, 25",202003
2020-03-26,FY2020,FY2020 Q3,2020 Mar,"2020 Mar, 26",202003
2020-03-27,FY2020,FY2020 Q3,2020 Mar,"2020 Mar, 27",202003
2020-03-28,FY2020,FY2020 Q3,2020 Mar,"2020 Mar, 28",202003
2020-03-29,FY2020,FY2020 Q3,2020 Mar,"2020 Mar, 29",202003
2020-03-30,FY2020,FY2020 Q3,2020 Mar,"2020 Mar, 30",202003
2020-03-31,FY2020,FY2020 Q3,2020 Mar,"2020 Mar, 31",202003
2020-04-01,FY2020,FY2020 Q4,2020 Apr,"2020 Apr, 01",202004
2020-04-02,FY2020,FY2020 Q4,2020 Apr,"2020 Apr, 02",202004
2020-04-03,FY2020,FY2020 Q4,2020 Apr,"2020 Apr, 03",202004
2020-04-04,FY2020,FY2020 Q4,2020 Apr,"2020 Apr, 04",202004
2020-04-05,FY2020,FY2020 Q4,2020 Apr,"2020 Apr, 05",202004
2020-04-06,FY2020,FY2020 Q4,2020 Apr,"2020 Apr, 06",202004
2020-04-07,FY2020,FY2020 Q4,2020 Apr,"2020 Apr, 07",202004
2020-04-08,FY2020,FY2020 Q4,2020 Apr,"2020 Apr, 08",202004
2020-04-09,FY2020,FY2020 Q4,2020 Apr,"2020 Apr, 09",202004
2020-04-10,FY2020,FY2020 Q4,2020 Apr,"2020 Apr, 10",202004
2020-04-11,FY2020,FY2020 Q4,2020 Apr,"2020 Apr, 11",202004
2020-04-12,FY2020,FY2020 Q4,2020 Apr,"2020 Apr, 12",202004
2020-04-13,FY2020,FY2020 Q4,2020 Apr,"2020 Apr, 13",202004
2020-04-14,FY2020,FY2020 Q4,2020 Apr,"2020 Apr, 14",202004
2020-04-15,FY2020,FY2020 Q4,2020 Apr,"2020 Apr, 15",202004
2020-04-16,FY2020,FY2020 Q4,2020 Apr,"2020 Apr, 16",202004
2020-04-17,FY2020,FY2020 Q4,2020 Apr,"2020 Apr, 17",202004
2020-04-18,FY2020,FY2020 Q4,2020 Apr,"2020 Apr, 18",202004
2020-04-19,FY2020,FY2020 Q4,2020 Apr,"2020 Apr, 19",202004
2020-04-20,FY2020,FY2020 Q4,2020 Apr,"2020 Apr, 20",202004
2020-04-21,FY2020,FY2020 Q4,2020 Apr,"2020 Apr, 21",202004
2020-04-22,FY2020,FY2020 Q4,2020 Apr,"2020 Apr, 22",202004
2020-04-23,FY2020,FY2020 Q4,2020 Apr,"2020 Apr, 23",202004
2020-04-24,FY2020,FY2020 Q4,2020 Apr,"2020 Apr, 24",202004
2020-04-25,FY2020,FY2020 Q4,2020 Apr,"2020 Apr, 25",202004
2020-04-26,FY2020,FY2020 Q4,2020 Apr,"2020 Apr, 26",202004
2020-04-27,FY2020,FY2020 Q4,2020 Apr,"2020 Apr, 27",202004
2020-04-28,FY2020,FY2020 Q4,2020 Apr,"2020 Apr, 28",202004
2020-04-29,FY2020,FY2020 Q4,2020 Apr,"2020 Apr, 29",202004
2020-04-30,FY2020,FY2020 Q4,2020 Apr,"2020 Apr, 30",202004
2020-05-01,FY2020,FY2020 Q4,2020 May,"2020 May, 01",202005
2020-05-02,FY2020,FY2020 Q4,2020 May,"2020 May, 02",202005
2020-05-03,FY2020,FY2020 Q4,2020 May,"2020 May, 03",202005
2020-05-04,FY2020,FY2020 Q4,2020 May,"2020 May, 04",202005
2020-05-05,FY2020,FY2020 Q4,2020 May,"2020 May, 05",202005
2020-05-06,FY2020,FY2020 Q4,2020 May,"2020 May, 06",202005
2020-05-07,FY2020,FY2020 Q4,2020 May,"2020 May, 07",202005
2020-05-08,FY2020,FY2020 Q4,2020 May,"2020 May, 08",202005
2020-05-09,FY2020,FY2020 Q4,2020 May,"2020 May, 09",202005
2020-05-10,FY2020,FY2020 Q4,2020 May,"2020 May, 10",202005
2020-05-11,FY2020,FY2020 Q4,2020 May,"2020 May, 11",202005
2020-05-12,FY2020,FY2020 Q4,2020 May,"2020 May, 12",202005
2020-05-13,FY2020,FY2020 Q4,2020 May,"2020 May, 13",202005
2020-05-14,FY2020,FY2020 Q4,2020 May,"2020 May, 14",202005
2020-05-15,FY2020,FY2020 Q4,2020 May,"2020 May, 15",202005
2020-05-16,FY2020,FY2020 Q4,2020 May,"2020 May, 16",202005
2020-05-17,FY2020,FY2020 Q4,2020 May,"2020 May, 17",202005
2020-05-18,FY2020,FY2020 Q4,2020 May,"2020 May, 18",202005
2020-05-19,FY2020,FY2020 Q4,2020 May,"2020 May, 19",202005
2020-05-20,FY2020,FY2020 Q4,2020 May,"2020 May, 20",202005
2020-05-21,FY2020,FY2020 Q4,2020 May,"2020 May, 21",202005
2020-05-22,FY2020,FY2020 Q4,2020 May,"2020 May, 22",202005
2020-05-23,FY2020,FY2020 Q4,2020 May,"2020 May, 23",202005
2020-05-24,FY2020,FY2020 Q4,2020 May,"2020 May, 24",202005
2020-05-25,FY2020,FY2020 Q4,2020 May,"2020 May, 25",202005
2020-05-26,FY2020,FY2020 Q4,2020 May,"2020 May, 26",202005
2020-05-27,FY2020,FY2020 Q4,2020 May,"2020 May, 27",202005
2020-05-28,FY2020,FY2020 Q4,2020 May,"2020 May, 28",202005
2020-05-29,FY2020,FY2020 Q4,2020 May,"2020 May, 29",202005
2020-05-30,FY2020,FY2020 Q4,2020 May,"2020 May, 30",202005
2020-05-31,FY2020,FY2020 Q4,2020 May,"2020 May, 31",202005
2020-06-01,FY2020,FY2020 Q4,2020 Jun,"2020 Jun, 01",202006
2020-06-02,FY2020,FY2020 Q4,2020 Jun,"2020 Jun, 02",202006
2020-06-03,FY2020,FY2020 Q4,2020 Jun,"2020 Jun, 03",202006
2020-06-04,FY2020,FY2020 Q4,2020 Jun,"2020 Jun, 04",202006
2020-06-05,FY2020,FY2020 Q4,2020 Jun,"2020 Jun, 05",202006
2020-06-06,FY2020,FY2020 Q4,2020 Jun,"2020 Jun, 06",202006
2020-06-07,FY2020,FY2020 Q4,2020 Jun,"2020 Jun, 07",202006
2020-06-08,FY2020,FY2020 Q4,2020 Jun,"2020 Jun, 08",202006
2020-06-09,FY2020,FY2020 Q4,2020 Jun,"2020 Jun, 09",202006
2020-06-10,FY2020,FY2020 Q4,2020 Jun,"2020 Jun, 10",202006
2020-06-11,FY2020,FY2020 Q4,2020 Jun,"2020 Jun, 11",202006
2020-06-12,FY2020,FY2020 Q4,2020 Jun,"2020 Jun, 12",202006
2020-06-13,FY2020,FY2020 Q4,2020 Jun,"2020 Jun, 13",202006
2020-06-14,FY2020,FY2020 Q4,2020 Jun,"2020 Jun, 14",202006
2020-06-15,FY2020,FY2020 Q4,2020 Jun,"2020 Jun, 15",202006
2020-06-16,FY2020,FY2020 Q4,2020 Jun,"2020 Jun, 16",202006
2020-06-17,FY2020,FY2020 Q4,2020 Jun,"2020 Jun, 17",202006
2020-06-18,FY2020,FY2020 Q4,2020 Jun,"2020 Jun, 18",202006
2020-06-19,FY2020,FY2020 Q4,2020 Jun,"2020 Jun, 19",202006
2020-06-20,FY2020,FY2020 Q4,2020 Jun,"2020 Jun, 20",202006
2020-06-21,FY2020,FY2020 Q4,2020 Jun,"2020 Jun, 21",202006
2020-06-22,FY2020,FY2020 Q4,2020 Jun,"2020 Jun, 22",202006
2020-06-23,FY2020,FY2020 Q4,2020 Jun,"2020 Jun, 23",202006
2020-06-24,FY2020,FY2020 Q4,2020 Jun,"2020 Jun, 24",202006
2020-06-25,FY2020,FY2020 Q4,2020 Jun,"2020 Jun, 25",202006
2020-06-26,FY2020,FY2020 Q4,2020 Jun,"2020 Jun, 26",202006
2020-06-27,FY2020,FY2020 Q4,2020 Jun,"2020 Jun, 27",202006
2020-06-28,FY2020,FY2020 Q4,2020 Jun,"2020 Jun, 28",202006
2020-06-29,FY2020,FY2020 Q4,2020 Jun,"2020 Jun, 29",202006
2020-06-30,FY2020,FY2020 Q4,2020 Jun,"2020 Jun, 30",202006
2020-07-01,FY2021,FY2021 Q1,2020 Jul,"2020 Jul, 01",202007
2020-07-02,FY2021,FY2021 Q1,2020 Jul,"2020 Jul, 02",202007
2020-07-03,FY2021,FY2021 Q1,2020 Jul,"2020 Jul, 03",202007
2020-07-04,FY2021,FY2021 Q1,2020 Jul,"2020 Jul, 04",202007
2020-07-05,FY2021,FY2021 Q1,2020 Jul,"2020 Jul, 05",202007
2020-07-06,FY2021,FY2021 Q1,2020 Jul,"2020 Jul, 06",202007
2020-07-07,FY2021,FY2021 Q1,2020 Jul,"2020 Jul, 07",202007
2020-07-08,FY2021,FY2021 Q1,2020 Jul,"2020 Jul, 08",202007
2020-07-09,FY2021,FY2021 Q1,2020 Jul,"2020 Jul, 09",202007
2020-07-10,FY2021,FY2021 Q1,2020 Jul,"2020 Jul, 10",202007
2020-07-11,FY2021,FY2021 Q1,2020 Jul,"2020 Jul, 11",202007
2020-07-12,FY2021,FY2021 Q1,2020 Jul,"2020 Jul, 12",202007
2020-07-13,FY2021,FY2021 Q1,2020 Jul,"2020 Jul, 13",202007
2020-07-14,FY2021,FY2021 Q1,2020 Jul,"2020 Jul, 14",202007
2020-07-15,FY2021,FY2021 Q1,2020 Jul,"2020 Jul, 15",202007
2020-07-16,FY2021,FY2021 Q1,2020 Jul,"2020 Jul, 16",202007
2020-07-17,FY2021,FY2021 Q1,2020 Jul,"2020 Jul, 17",202007
2020-07-18,FY2021,FY2021 Q1,2020 Jul,"2020 Jul, 18",202007
2020-07-19,FY2021,FY2021 Q1,2020 Jul,"2020 Jul, 19",202007
2020-07-20,FY2021,FY2021 Q1,2020 Jul,"2020 Jul, 20",202007
2020-07-21,FY2021,FY2021 Q1,2020 Jul,"2020 Jul, 21",202007
2020-07-22,FY2021,FY2021 Q1,2020 Jul,"2020 Jul, 22",202007
2020-07-23,FY2021,FY2021 Q1,2020 Jul,"2020 Jul, 23",202007
2020-07-24,FY2021,FY2021 Q1,2020 Jul,"2020 Jul, 24",202007
2020-07-25,FY2021,FY2021 Q1,2020 Jul,"2020 Jul, 25",202007
2020-07-26,FY2021,FY2021 Q1,2020 Jul,"2020 Jul, 26",202007
2020-07-27,FY2021,FY2021 Q1,2020 Jul,"2020 Jul, 27",202007
2020-07-28,FY2021,FY2021 Q1,2020 Jul,"2020 Jul, 28",202007
2020-07-29,FY2021,FY2021 Q1,2020 Jul,"2020 Jul, 29",202007
2020-07-30,FY2021,FY2021 Q1,2020 Jul,"2020 Jul, 30",202007
2020-07-31,FY2021,FY2021 Q1,2020 Jul,"2020 Jul, 31",202007
2020-08-01,FY2021,FY2021 Q1,2020 Aug,"2020 Aug, 01",202008
2020-08-02,FY2021,FY2021 Q1,2020 Aug,"2020 Aug, 02",202008
2020-08-03,FY2021,FY2021 Q1,2020 Aug,"2020 Aug, 03",202008
2020-08-04,FY2021,FY2021 Q1,2020 Aug,"2020 Aug, 04",202008
2020-08-05,FY2021,FY2021 Q1,2020 Aug,"2020 Aug, 05",202008
2020-08-06,FY2021,FY2021 Q1,2020 Aug,"2020 Aug, 06",202008
2020-08-07,FY2021,FY2021 Q1,2020 Aug,"2020 Aug, 07",202008
2020-08-08,FY2021,FY2021 Q1,2020 Aug,"2020 Aug, 08",202008
2020-08-09,FY2021,FY2021 Q1,2020 Aug,"2020 Aug, 09",202008
2020-08-10,FY2021,FY2021 Q1,2020 Aug,"2020 Aug, 10",202008
2020-08-11,FY2021,FY2021 Q1,2020 Aug,"2020 Aug, 11",202008
2020-08-12,FY2021,FY2021 Q1,2020 Aug,"2020 Aug, 12",202008
2020-08-13,FY2021,FY2021 Q1,2020 Aug,"2020 Aug, 13",202008
2020-08-14,FY2021,FY2021 Q1,2020 Aug,"2020 Aug, 14",202008
2020-08-15,FY2021,FY2021 Q1,2020 Aug,"2020 Aug, 15",202008
2020-08-16,FY2021,FY2021 Q1,2020 Aug,"2020 Aug, 16",202008
2020-08-17,FY2021,FY2021 Q1,2020 Aug,"2020 Aug, 17",202008
2020-08-18,FY2021,FY2021 Q1,2020 Aug,"2020 Aug, 18",202008
2020-08-19,FY2021,FY2021 Q1,2020 Aug,"2020 Aug, 19",202008
2020-08-20,FY2021,FY2021 Q1,2020 Aug,"2020 Aug, 20",202008
2020-08-21,FY2021,FY2021 Q1,2020 Aug,"2020 Aug, 21",202008
2020-08-22,FY2021,FY2021 Q1,2020 Aug,"2020 Aug, 22",202008
2020-08-23,FY2021,FY2021 Q1,2020 Aug,"2020 Aug, 23",202008
2020-08-24,FY2021,FY2021 Q1,2020 Aug,"2020 Aug, 24",202008
2020-08-25,FY2021,FY2021 Q1,2020 Aug,"2020 Aug, 25",202008
2020-08-26,FY2021,FY2021 Q1,2020 Aug,"2020 Aug, 26",202008
2020-08-27,FY2021,FY2021 Q1,2020 Aug,"2020 Aug, 27",202008
2020-08-28,FY2021,FY2021 Q1,2020 Aug,"2020 Aug, 28",202008
2020-08-29,FY2021,FY2021 Q1,2020 Aug,"2020 Aug, 29",202008
2020-08-30,FY2021,FY2021 Q1,2020 Aug,"2020 Aug, 30",202008
2020-08-31,FY2021,FY2021 Q1,2020 Aug,"2020 Aug, 31",202008
2020-09-01,FY2021,FY2021 Q1,2020 Sep,"2020 Sep, 01",202009
2020-09-02,FY2021,FY2021 Q1,2020 Sep,"2020 Sep, 02",202009
2020-09-03,FY2021,FY2021 Q1,2020 Sep,"2020 Sep, 03",202009
2020-09-04,FY2021,FY2021 Q1,2020 Sep,"2020 Sep, 04",202009
2020-09-05,FY2021,FY2021 Q1,2020 Sep,"2020 Sep, 05",202009
2020-09-06,FY2021,FY2021 Q1,2020 Sep,"2020 Sep, 06",202009
2020-09-07,FY2021,FY2021 Q1,2020 Sep,"2020 Sep, 07",202009
2020-09-08,FY2021,FY2021 Q1,2020 Sep,"2020 Sep, 08",202009
2020-09-09,FY2021,FY2021 Q1,2020 Sep,"2020 Sep, 09",202009
2020-09-10,FY2021,FY2021 Q1,2020 Sep,"2020 Sep, 10",202009
2020-09-11,FY2021,FY2021 Q1,2020 Sep,"2020 Sep, 11",202009
2020-09-12,FY2021,FY2021 Q1,2020 Sep,"2020 Sep, 12",202009
2020-09-13,FY2021,FY2021 Q1,2020 Sep,"2020 Sep, 13",202009
2020-09-14,FY2021,FY2021 Q1,2020 Sep,"2020 Sep, 14",202009
2020-09-15,FY2021,FY2021 Q1,2020 Sep,"2020 Sep, 15",202009
2020-09-16,FY2021,FY2021 Q1,2020 Sep,"2020 Sep, 16",202009
2020-09-17,FY2021,FY2021 Q1,2020 Sep,"2020 Sep, 17",202009
2020-09-18,FY2021,FY2021 Q1,2020 Sep,"2020 Sep, 18",202009
2020-09-19,FY2021,FY2021 Q1,2020 Sep,"2020 Sep, 19",202009
2020-09-20,FY2021,FY2021 Q1,2020 Sep,"2020 Sep, 20",202009
2020-09-21,FY2021,FY2021 Q1,2020 Sep,"2020 Sep, 21",202009
2020-09-22,FY2021,FY2021 Q1,2020 Sep,"2020 Sep, 22",202009
2020-09-23,FY2021,FY2021 Q1,2020 Sep,"2020 Sep, 23",202009
2020-09-24,FY2021,FY2021 Q1,2020 Sep,"2020 Sep, 24",202009
2020-09-25,FY2021,FY2021 Q1,2020 Sep,"2020 Sep, 25",202009
2020-09-26,FY2021,FY2021 Q1,2020 Sep,"2020 Sep, 26",202009
2020-09-27,FY2021,FY2021 Q1,2020 Sep,"2020 Sep, 27",202009
2020-09-28,FY2021,FY2021 Q1,2020 Sep,"2020 Sep, 28",202009
2020-09-29,FY2021,FY2021 Q1,2020 Sep,"2020 Sep, 29",202009
2020-09-30,FY2021,FY2021 Q1,2020 Sep,"2020 Sep, 30",202009
2020-10-01,FY2021,FY2021 Q2,2020 Oct,"2020 Oct, 01",202010
2020-10-02,FY2021,FY2021 Q2,2020 Oct,"2020 Oct, 02",202010
2020-10-03,FY2021,FY2021 Q2,2020 Oct,"2020 Oct, 03",202010
2020-10-04,FY2021,FY2021 Q2,2020 Oct,"2020 Oct, 04",202010
2020-10-05,FY2021,FY2021 Q2,2020 Oct,"2020 Oct, 05",202010
2020-10-06,FY2021,FY2021 Q2,2020 Oct,"2020 Oct, 06",202010
2020-10-07,FY2021,FY2021 Q2,2020 Oct,"2020 Oct, 07",202010
2020-10-08,FY2021,FY2021 Q2,2020 Oct,"2020 Oct, 08",202010
2020-10-09,FY2021,FY2021 Q2,2020 Oct,"2020 Oct, 09",202010
2020-10-10,FY2021,FY2021 Q2,2020 Oct,"2020 Oct, 10",202010
2020-10-11,FY2021,FY2021 Q2,2020 Oct,"2020 Oct, 11",202010
2020-10-12,FY2021,FY2021 Q2,2020 Oct,"2020 Oct, 12",202010
2020-10-13,FY2021,FY2021 Q2,2020 Oct,"2020 Oct, 13",202010
2020-10-14,FY2021,FY2021 Q2,2020 Oct,"2020 Oct, 14",202010
2020-10-15,FY2021,FY2021 Q2,2020 Oct,"2020 Oct, 15",202010
2020-10-16,FY2021,FY2021 Q2,2020 Oct,"2020 Oct, 16",202010
2020-10-17,FY2021,FY2021 Q2,2020 Oct,"2020 Oct, 17",202010
2020-10-18,FY2021,FY2021 Q2,2020 Oct,"2020 Oct, 18",202010
2020-10-19,FY2021,FY2021 Q2,2020 Oct,"2020 Oct, 19",202010
2020-10-20,FY2021,FY2021 Q2,2020 Oct,"2020 Oct, 20",202010
2020-10-21,FY2021,FY2021 Q2,2020 Oct,"2020 Oct, 21",202010
2020-10-22,FY2021,FY2021 Q2,2020 Oct,"2020 Oct, 22",202010
2020-10-23,FY2021,FY2021 Q2,2020 Oct,"2020 Oct, 23",202010
2020-10-24,FY2021,FY2021 Q2,2020 Oct,"2020 Oct, 24",202010
2020-10-25,FY2021,FY2021 Q2,2020 Oct,"2020 Oct, 25",202010
2020-10-26,FY2021,FY2021 Q2,2020 Oct,"2020 Oct, 26",202010
2020-10-27,FY2021,FY2021 Q2,2020 Oct,"2020 Oct, 27",202010
2020-10-28,FY2021,FY2021 Q2,2020 Oct,"2020 Oct, 28",202010
2020-10-29,FY2021,FY2021 Q2,2020 Oct,"2020 Oct, 29",202010
2020-10-30,FY2021,FY2021 Q2,2020 Oct,"2020 Oct, 30",202010
2020-10-31,FY2021,FY2021 Q2,2020 Oct,"2020 Oct, 31",202010
2020-11-01,FY2021,FY2021 Q2,2020 Nov,"2020 Nov, 01",202011
2020-11-02,FY2021,FY2021 Q2,2020 Nov,"2020 Nov, 02",202011
2020-11-03,FY2021,FY2021 Q2,2020 Nov,"2020 Nov, 03",202011
2020-11-04,FY2021,FY2021 Q2,2020 Nov,"2020 Nov, 04",202011
2020-11-05,FY2021,FY2021 Q2,2020 Nov,"2020 Nov, 05",202011
2020-11-06,FY2021,FY2021 Q2,2020 Nov,"2020 Nov, 06",202011
2020-11-07,FY2021,FY2021 Q2,2020 Nov,"2020 Nov, 07",202011
2020-11-08,FY2021,FY2021 Q2,2020 Nov,"2020 Nov, 08",202011
2020-11-09,FY2021,FY2021 Q2,2020 Nov,"2020 Nov, 09",202011
2020-11-10,FY2021,FY2021 Q2,2020 Nov,"2020 Nov, 10",202011
2020-11-11,FY2021,FY2021 Q2,2020 Nov,"2020 Nov, 11",202011
2020-11-12,FY2021,FY2021 Q2,2020 Nov,"2020 Nov, 12",202011
2020-11-13,FY2021,FY2021 Q2,2020 Nov,"2020 Nov, 13",202011
2020-11-14,FY2021,FY2021 Q2,2020 Nov,"2020 Nov, 14",202011
2020-11-15,FY2021,FY2021 Q2,2020 Nov,"2020 Nov, 15",202011
2020-11-16,FY2021,FY2021 Q2,2020 Nov,"2020 Nov, 16",202011
2020-11-17,FY2021,FY2021 Q2,2020 Nov,"2020 Nov, 17",202011
2020-11-18,FY2021,FY2021 Q2,2020 Nov,"2020 Nov, 18",202011
2020-11-19,FY2021,FY2021 Q2,2020 Nov,"2020 Nov, 19",202011
2020-11-20,FY2021,FY2021 Q2,2020 Nov,"2020 Nov, 20",202011
2020-11-21,FY2021,FY2021 Q2,2020 Nov,"2020 Nov, 21",202011
2020-11-22,FY2021,FY2021 Q2,2020 Nov,"2020 Nov, 22",202011
2020-11-23,FY2021,FY2021 Q2,2020 Nov,"2020 Nov, 23",202011
2020-11-24,FY2021,FY2021 Q2,2020 Nov,"2020 Nov, 24",202011
2020-11-25,FY2021,FY2021 Q2,2020 Nov,"2020 Nov, 25",202011
2020-11-26,FY2021,FY2021 Q2,2020 Nov,"2020 Nov, 26",202011
2020-11-27,FY2021,FY2021 Q2,2020 Nov,"2020 Nov, 27",202011
2020-11-28,FY2021,FY2021 Q2,2020 Nov,"2020 Nov, 28",202011
2020-11-29,FY2021,FY2021 Q2,2020 Nov,"2020 Nov, 29",202011
2020-11-30,FY2021,FY2021 Q2,2020 Nov,"2020 Nov, 30",202011
2020-12-01,FY2021,FY2021 Q2,2020 Dec,"2020 Dec, 01",202012
2020-12-02,FY2021,FY2021 Q2,2020 Dec,"2020 Dec, 02",202012
2020-12-03,FY2021,FY2021 Q2,2020 Dec,"2020 Dec, 03",202012
2020-12-04,FY2021,FY2021 Q2,2020 Dec,"2020 Dec, 04",202012
2020-12-05,FY2021,FY2021 Q2,2020 Dec,"2020 Dec, 05",202012
2020-12-06,FY2021,FY2021 Q2,2020 Dec,"2020 Dec, 06",202012
2020-12-07,FY2021,FY2021 Q2,2020 Dec,"2020 Dec, 07",202012
2020-12-08,FY2021,FY2021 Q2,2020 Dec,"2020 Dec, 08",202012
2020-12-09,FY2021,FY2021 Q2,2020 Dec,"2020 Dec, 09",202012
2020-12-10,FY2021,FY2021 Q2,2020 Dec,"2020 Dec, 10",202012
2020-12-11,FY2021,FY2021 Q2,2020 Dec,"2020 Dec, 11",202012
2020-12-12,FY2021,FY2021 Q2,2020 Dec,"2020 Dec, 12",202012
2020-12-13,FY2021,FY2021 Q2,2020 Dec,"2020 Dec, 13",202012
2020-12-14,FY2021,FY2021 Q2,2020 Dec,"2020 Dec, 14",202012
2020-12-15,FY2021,FY2021 Q2,2020 Dec,"2020 Dec, 15",202012
2020-12-16,FY2021,FY2021 Q2,2020 Dec,"2020 Dec, 16",202012
2020-12-17,FY2021,FY2021 Q2,2020 Dec,"2020 Dec, 17",202012
2020-12-18,FY2021,FY2021 Q2,2020 Dec,"2020 Dec, 18",202012
2020-12-19,FY2021,FY2021 Q2,2020 Dec,"2020 Dec, 19",202012
2020-12-20,FY2021,FY2021 Q2,2020 Dec,"2020 Dec, 20",202012
2020-12-21,FY2021,FY2021 Q2,2020 Dec,"2020 Dec, 21",202012
2020-12-22,FY2021,FY2021 Q2,2020 Dec,"2020 Dec, 22",202012
2020-12-23,FY2021,FY2021 Q2,2020 Dec,"2020 Dec, 23",202012
2020-12-24,FY2021,FY2021 Q2,2020 Dec,"2020 Dec, 24",202012
2020-12-25,FY2021,FY2021 Q2,2020 Dec,"2020 Dec, 25",202012
2020-12-26,FY2021,FY2021 Q2,2020 Dec,"2020 Dec, 26",202012
2020-12-27,FY2021,FY2021 Q2,2020 Dec,"2020 Dec, 27",202012
2020-12-28,FY2021,FY2021 Q2,2020 Dec,"2020 Dec, 28",202012
2020-12-29,FY2021,FY2021 Q2,2020 Dec,"2020 Dec, 29",202012
2020-12-30,FY2021,FY2021 Q2,2020 Dec,"2020 Dec, 30",202012
2020-12-31,FY2021,FY2021 Q2,2020 Dec,"2020 Dec, 31",202012
2021-01-01,FY2021,FY2021 Q3,2021 Jan,"2021 Jan, 01",202101
2021-01-02,FY2021,FY2021 Q3,2021 Jan,"2021 Jan, 02",202101
2021-01-03,FY2021,FY2021 Q3,2021 Jan,"2021 Jan, 03",202101
2021-01-04,FY2021,FY2021 Q3,2021 Jan,"2021 Jan, 04",202101
2021-01-05,FY2021,FY2021 Q3,2021 Jan,"2021 Jan, 05",202101
2021-01-06,FY2021,FY2021 Q3,2021 Jan,"2021 Jan, 06",202101
2021-01-07,FY2021,FY2021 Q3,2021 Jan,"2021 Jan, 07",202101
2021-01-08,FY2021,FY2021 Q3,2021 Jan,"2021 Jan, 08",202101
2021-01-09,FY2021,FY2021 Q3,2021 Jan,"2021 Jan, 09",202101
2021-01-10,FY2021,FY2021 Q3,2021 Jan,"2021 Jan, 10",202101
2021-01-11,FY2021,FY2021 Q3,2021 Jan,"2021 Jan, 11",202101
2021-01-12,FY2021,FY2021 Q3,2021 Jan,"2021 Jan, 12",202101
2021-01-13,FY2021,FY2021 Q3,2021 Jan,"2021 Jan, 13",202101
2021-01-14,FY2021,FY2021 Q3,2021 Jan,"2021 Jan, 14",202101
2021-01-15,FY2021,FY2021 Q3,2021 Jan,"2021 Jan, 15",202101
2021-01-16,FY2021,FY2021 Q3,2021 Jan,"2021 Jan, 16",202101
2021-01-17,FY2021,FY2021 Q3,2021 Jan,"2021 Jan, 17",202101
2021-01-18,FY2021,FY2021 Q3,2021 Jan,"2021 Jan, 18",202101
2021-01-19,FY2021,FY2021 Q3,2021 Jan,"2021 Jan, 19",202101
2021-01-20,FY2021,FY2021 Q3,2021 Jan,"2021 Jan, 20",202101
2021-01-21,FY2021,FY2021 Q3,2021 Jan,"2021 Jan, 21",202101
2021-01-22,FY2021,FY2021 Q3,2021 Jan,"2021 Jan, 22",202101
2021-01-23,FY2021,FY2021 Q3,2021 Jan,"2021 Jan, 23",202101
2021-01-24,FY2021,FY2021 Q3,2021 Jan,"2021 Jan, 24",202101
2021-01-25,FY2021,FY2021 Q3,2021 Jan,"2021 Jan, 25",202101
2021-01-26,FY2021,FY2021 Q3,2021 Jan,"2021 Jan, 26",202101
2021-01-27,FY2021,FY2021 Q3,2021 Jan,"2021 Jan, 27",202101
2021-01-28,FY2021,FY2021 Q3,2021 Jan,"2021 Jan, 28",202101
2021-01-29,FY2021,FY2021 Q3,2021 Jan,"2021 Jan, 29",202101
2021-01-30,FY2021,FY2021 Q3,2021 Jan,"2021 Jan, 30",202101
2021-01-31,FY2021,FY2021 Q3,2021 Jan,"2021 Jan, 31",202101
2021-02-01,FY2021,FY2021 Q3,2021 Feb,"2021 Feb, 01",202102
2021-02-02,FY2021,FY2021 Q3,2021 Feb,"2021 Feb, 02",202102
2021-02-03,FY2021,FY2021 Q3,2021 Feb,"2021 Feb, 03",202102
2021-02-04,FY2021,FY2021 Q3,2021 Feb,"2021 Feb, 04",202102
2021-02-05,FY2021,FY2021 Q3,2021 Feb,"2021 Feb, 05",202102
2021-02-06,FY2021,FY2021 Q3,2021 Feb,"2021 Feb, 06",202102
2021-02-07,FY2021,FY2021 Q3,2021 Feb,"2021 Feb, 07",202102
2021-02-08,FY2021,FY2021 Q3,2021 Feb,"2021 Feb, 08",202102
2021-02-09,FY2021,FY2021 Q3,2021 Feb,"2021 Feb, 09",202102
2021-02-10,FY2021,FY2021 Q3,2021 Feb,"2021 Feb, 10",202102
2021-02-11,FY2021,FY2021 Q3,2021 Feb,"2021 Feb, 11",202102
2021-02-12,FY2021,FY2021 Q3,2021 Feb,"2021 Feb, 12",202102
2021-02-13,FY2021,FY2021 Q3,2021 Feb,"2021 Feb, 13",202102
2021-02-14,FY2021,FY2021 Q3,2021 Feb,"2021 Feb, 14",202102
2021-02-15,FY2021,FY2021 Q3,2021 Feb,"2021 Feb, 15",202102
2021-02-16,FY2021,FY2021 Q3,2021 Feb,"2021 Feb, 16",202102
2021-02-17,FY2021,FY2021 Q3,2021 Feb,"2021 Feb, 17",202102
2021-02-18,FY2021,FY2021 Q3,2021 Feb,"2021 Feb, 18",202102
2021-02-19,FY2021,FY2021 Q3,2021 Feb,"2021 Feb, 19",202102
2021-02-20,FY2021,FY2021 Q3,2021 Feb,"2021 Feb, 20",202102
2021-02-21,FY2021,FY2021 Q3,2021 Feb,"2021 Feb, 21",202102
2021-02-22,FY2021,FY2021 Q3,2021 Feb,"2021 Feb, 22",202102
2021-02-23,FY2021,FY2021 Q3,2021 Feb,"2021 Feb, 23",202102
2021-02-24,FY2021,FY2021 Q3,2021 Feb,"2021 Feb, 24",202102
2021-02-25,FY2021,FY2021 Q3,2021 Feb,"2021 Feb, 25",202102
2021-02-26,FY2021,FY2021 Q3,2021 Feb,"2021 Feb, 26",202102
2021-02-27,FY2021,FY2021 Q3,2021 Feb,"2021 Feb, 27",202102
2021-02-28,FY2021,FY2021 Q3,2021 Feb,"2021 Feb, 28",202102
2021-03-01,FY2021,FY2021 Q3,2021 Mar,"2021 Mar, 01",202103
2021-03-02,FY2021,FY2021 Q3,2021 Mar,"2021 Mar, 02",202103
2021-03-03,FY2021,FY2021 Q3,2021 Mar,"2021 Mar, 03",202103
2021-03-04,FY2021,FY2021 Q3,2021 Mar,"2021 Mar, 04",202103
2021-03-05,FY2021,FY2021 Q3,2021 Mar,"2021 Mar, 05",202103
2021-03-06,FY2021,FY2021 Q3,2021 Mar,"2021 Mar, 06",202103
2021-03-07,FY2021,FY2021 Q3,2021 Mar,"2021 Mar, 07",202103
2021-03-08,FY2021,FY2021 Q3,2021 Mar,"2021 Mar, 08",202103
2021-03-09,FY2021,FY2021 Q3,2021 Mar,"2021 Mar, 09",202103
2021-03-10,FY2021,FY2021 Q3,2021 Mar,"2021 Mar, 10",202103
2021-03-11,FY2021,FY2021 Q3,2021 Mar,"2021 Mar, 11",202103
2021-03-12,FY2021,FY2021 Q3,2021 Mar,"2021 Mar, 12",202103
2021-03-13,FY2021,FY2021 Q3,2021 Mar,"2021 Mar, 13",202103
2021-03-14,FY2021,FY2021 Q3,2021 Mar,"2021 Mar, 14",202103
2021-03-15,FY2021,FY2021 Q3,2021 Mar,"2021 Mar, 15",202103
2021-03-16,FY2021,FY2021 Q3,2021 Mar,"2021 Mar, 16",202103
2021-03-17,FY2021,FY2021 Q3,2021 Mar,"2021 Mar, 17",202103
2021-03-18,FY2021,FY2021 Q3,2021 Mar,"2021 Mar, 18",202103
2021-03-19,FY2021,FY2021 Q3,2021 Mar,"2021 Mar, 19",202103
2021-03-20,FY2021,FY2021 Q3,2021 Mar,"2021 Mar, 20",202103
2021-03-21,FY2021,FY2021 Q3,2021 Mar,"2021 Mar, 21",202103
2021-03-22,FY2021,FY2021 Q3,2021 Mar,"2021 Mar, 22",202103
2021-03-23,FY2021,FY2021 Q3,2021 Mar,"2021 Mar, 23",202103
2021-03-24,FY2021,FY2021 Q3,2021 Mar,"2021 Mar, 24",202103
2021-03-25,FY2021,FY2021 Q3,2021 Mar,"2021 Mar, 25",202103
2021-03-26,FY2021,FY2021 Q3,2021 Mar,"2021 Mar, 26",202103
2021-03-27,FY2021,FY2021 Q3,2021 Mar,"2021 Mar, 27",202103
2021-03-28,FY2021,FY2021 Q3,2021 Mar,"2021 Mar, 28",202103
2021-03-29,FY2021,FY2021 Q3,2021 Mar,"2021 Mar, 29",202103
2021-03-30,FY2021,FY2021 Q3,2021 Mar,"2021 Mar, 30",202103
2021-03-31,FY2021,FY2021 Q3,2021 Mar,"2021 Mar, 31",202103
2021-04-01,FY2021,FY2021 Q4,2021 Apr,"2021 Apr, 01",202104
2021-04-02,FY2021,FY2021 Q4,2021 Apr,"2021 Apr, 02",202104
2021-04-03,FY2021,FY2021 Q4,2021 Apr,"2021 Apr, 03",202104
2021-04-04,FY2021,FY2021 Q4,2021 Apr,"2021 Apr, 04",202104
2021-04-05,FY2021,FY2021 Q4,2021 Apr,"2021 Apr, 05",202104
2021-04-06,FY2021,FY2021 Q4,2021 Apr,"2021 Apr, 06",202104
2021-04-07,FY2021,FY2021 Q4,2021 Apr,"2021 Apr, 07",202104
2021-04-08,FY2021,FY2021 Q4,2021 Apr,"2021 Apr, 08",202104
2021-04-09,FY2021,FY2021 Q4,2021 Apr,"2021 Apr, 09",202104
2021-04-10,FY2021,FY2021 Q4,2021 Apr,"2021 Apr, 10",202104
2021-04-11,FY2021,FY2021 Q4,2021 Apr,"2021 Apr, 11",202104
2021-04-12,FY2021,FY2021 Q4,2021 Apr,"2021 Apr, 12",202104
2021-04-13,FY2021,FY2021 Q4,2021 Apr,"2021 Apr, 13",202104
2021-04-14,FY2021,FY2021 Q4,2021 Apr,"2021 Apr, 14",202104
2021-04-15,FY2021,FY2021 Q4,2021 Apr,"2021 Apr, 15",202104
2021-04-16,FY2021,FY2021 Q4,2021 Apr,"2021 Apr, 16",202104
2021-04-17,FY2021,FY2021 Q4,2021 Apr,"2021 Apr, 17",202104
2021-04-18,FY2021,FY2021 Q4,2021 Apr,"2021 Apr, 18",202104
2021-04-19,FY2021,FY2021 Q4,2021 Apr,"2021 Apr, 19",202104
2021-04-20,FY2021,FY2021 Q4,2021 Apr,"2021 Apr, 20",202104
2021-04-21,FY2021,FY2021 Q4,2021 Apr,"2021 Apr, 21",202104
2021-04-22,FY2021,FY2021 Q4,2021 Apr,"2021 Apr, 22",202104
2021-04-23,FY2021,FY2021 Q4,2021 Apr,"2021 Apr, 23",202104
2021-04-24,FY2021,FY2021 Q4,2021 Apr,"2021 Apr, 24",202104
2021-04-25,FY2021,FY2021 Q4,2021 Apr,"2021 Apr, 25",202104
2021-04-26,FY2021,FY2021 Q4,2021 Apr,"2021 Apr, 26",202104
2021-04-27,FY2021,FY2021 Q4,2021 Apr,"2021 Apr, 27",202104
2021-04-28,FY2021,FY2021 Q4,2021 Apr,"2021 Apr, 28",202104
2021-04-29,FY2021,FY2021 Q4,2021 Apr,"2021 Apr, 29",202104
2021-04-30,FY2021,FY2021 Q4,2021 Apr,"2021 Apr, 30",202104
2021-05-01,FY2021,FY2021 Q4,2021 May,"2021 May, 01",202105
2021-05-02,FY2021,FY2021 Q4,2021 May,"2021 May, 02",202105
2021-05-03,FY2021,FY2021 Q4,2021 May,"2021 May, 03",202105
2021-05-04,FY2021,FY2021 Q4,2021 May,"2021 May, 04",202105
2021-05-05,FY2021,FY2021 Q4,2021 May,"2021 May, 05",202105
2021-05-06,FY2021,FY2021 Q4,2021 May,"2021 May, 06",202105
2021-05-07,FY2021,FY2021 Q4,2021 May,"2021 May, 07",202105
2021-05-08,FY2021,FY2021 Q4,2021 May,"2021 May, 08",202105
2021-05-09,FY2021,FY2021 Q4,2021 May,"2021 May, 09",202105
2021-05-10,FY2021,FY2021 Q4,2021 May,"2021 May, 10",202105
2021-05-11,FY2021,FY2021 Q4,2021 May,"2021 May, 11",202105
2021-05-12,FY2021,FY2021 Q4,2021 May,"2021 May, 12",202105
2021-05-13,FY2021,FY2021 Q4,2021 May,"2021 May, 13",202105
2021-05-14,FY2021,FY2021 Q4,2021 May,"2021 May, 14",202105
2021-05-15,FY2021,FY2021 Q4,2021 May,"2021 May, 15",202105
2021-05-16,FY2021,FY2021 Q4,2021 May,"2021 May, 16",202105
2021-05-17,FY2021,FY2021 Q4,2021 May,"2021 May, 17",202105
2021-05-18,FY2021,FY2021 Q4,2021 May,"2021 May, 18",202105
2021-05-19,FY2021,FY2021 Q4,2021 May,"2021 May, 19",202105
2021-05-20,FY2021,FY2021 Q4,2021 May,"2021 May, 20",202105
2021-05-21,FY2021,FY2021 Q4,2021 May,"2021 May, 21",202105
2021-05-22,FY2021,FY2021 Q4,2021 May,"2021 May, 22",202105
2021-05-23,FY2021,FY2021 Q4,2021 May,"2021 May, 23",202105
2021-05-24,FY2021,FY2021 Q4,2021 May,"2021 May, 24",202105
2021-05-25,FY2021,FY2021 Q4,2021 May,"2021 May, 25",202105
2021-05-26,FY2021,FY2021 Q4,2021 May,"2021 May, 26",202105
2021-05-27,FY2021,FY2021 Q4,2021 May,"2021 May, 27",202105
2021-05-28,FY2021,FY2021 Q4,2021 May,"2021 May, 28",202105
2021-05-29,FY2021,FY2021 Q4,2021 May,"2021 May, 29",202105
2021-05-30,FY2021,FY2021 Q4,2021 May,"2021 May, 30",202105
2021-05-31,FY2021,FY2021 Q4,2021 May,"2021 May, 31",202105
2021-06-01,FY2021,FY2021 Q4,2021 Jun,"2021 Jun, 01",202106
2021-06-02,FY2021,FY2021 Q4,2021 Jun,"2021 Jun, 02",202106
2021-06-03,FY2021,FY2021 Q4,2021 Jun,"2021 Jun, 03",202106
2021-06-04,FY2021,FY2021 Q4,2021 Jun,"2021 Jun, 04",202106
2021-06-05,FY2021,FY2021 Q4,2021 Jun,"2021 Jun, 05",202106
2021-06-06,FY2021,FY2021 Q4,2021 Jun,"2021 Jun, 06",202106
2021-06-07,FY2021,FY2021 Q4,2021 Jun,"2021 Jun, 07",202106
2021-06-08,FY2021,FY2021 Q4,2021 Jun,"2021 Jun, 08",202106
2021-06-09,FY2021,FY2021 Q4,2021 Jun,"2021 Jun, 09",202106
2021-06-10,FY2021,FY2021 Q4,2021 Jun,"2021 Jun, 10",202106
2021-06-11,FY2021,FY2021 Q4,2021 Jun,"2021 Jun, 11",202106
2021-06-12,FY2021,FY2021 Q4,2021 Jun,"2021 Jun, 12",202106
2021-06-13,FY2021,FY2021 Q4,2021 Jun,"2021 Jun, 13",202106
2021-06-14,FY2021,FY2021 Q4,2021 Jun,"2021 Jun, 14",202106
2021-06-15,FY2021,FY2021 Q4,2021 Jun,"2021 Jun, 15",202106
2021-06-16,FY2021,FY2021 Q4,2021 Jun,"2021 Jun, 16",202106
2021-06-17,FY2021,FY2021 Q4,2021 Jun,"2021 Jun, 17",202106
2021-06-18,FY2021,FY2021 Q4,2021 Jun,"2021 Jun, 18",202106
2021-06-19,FY2021,FY2021 Q4,2021 Jun,"2021 Jun, 19",202106
2021-06-20,FY2021,FY2021 Q4,2021 Jun,"2021 Jun, 20",202106
2021-06-21,FY2021,FY2021 Q4,2021 Jun,"2021 Jun, 21",202106
2021-06-22,FY2021,FY2021 Q4,2021 Jun,"2021 Jun, 22",202106
2021-06-23,FY2021,FY2021 Q4,2021 Jun,"2021 Jun, 23",202106
2021-06-24,FY2021,FY2021 Q4,2021 Jun,"2021 Jun, 24",202106
2021-06-25,FY2021,FY2021 Q4,2021 Jun,"2021 Jun, 25",202106
2021-06-26,FY2021,FY2021 Q4,2021 Jun,"2021 Jun, 26",202106
2021-06-27,FY2021,FY2021 Q4,2021 Jun,"2021 Jun, 27",202106
2021-06-28,FY2021,FY2021 Q4,2021 Jun,"2021 Jun, 28",202106
2021-06-29,FY2021,FY2021 Q4,2021 Jun,"2021 Jun, 29",202106
2021-06-30,FY2021,FY2021 Q4,2021 Jun,"2021 Jun, 30",202106
